verdict,warehouse_decision,stehlen_branded,category,year_range_claimed,cabs_claimed,trim_risk_in_title,physical_part_to_inspect,vendor,handle,title,live_url,Notes,verification_note,raw_tags
1 - HARD HOLD,,YES,headlights - projector,2007-2014,,,OEM assembly,Stehlen Auto,07-14-chevy-silverado-full-led-projector-headlights-black-amber,2007-2014 Chevrolet Silverado Full LED Projector Headlights w/Amber - Black,https://stehlenauto.com/products/07-14-chevy-silverado-full-led-projector-headlights-black-amber,,Per audit: 2014 Silverado/Sierra 1500 is K2XX (NOT GMT900). Incompatible. Ship for 07-13 only; 14 must be excluded.,2007 | 2007 silverado | 2008 | 2008 silverado | 2009 | 2009 silverado | 2010 | 2010 silverado | 2011 | 2011 silverado | 2012 | 2012 silverado | 2013 | 2013 silverado | 2014 | 2014 silverado | amber headlights | black housing | chevrolet silverado | CVSV07A.06 | full led | headlights | HLPLNB-SIL07FLED-AB | led headlights | projector headlights | silverado 1500 | silverado 2500 hd | silverado 3500 hd | truck headlights
1 - HARD HOLD,,YES,headlights - projector,2009-2022,,,OEM assembly,Stehlen Auto,2009-2022-dodge-ram-full-led-projector-headlights-black-amber,2009-2022 Dodge Ram 1500/2500/3500 Full LED Projector Headlights - Black,https://stehlenauto.com/products/2009-2022-dodge-ram-full-led-projector-headlights-black-amber,,Per audit: 09-22 span lies. DS chassis (09-18) and DT Classic (19-22) share a body but DT new-body (19-22 parallel) does NOT. Split or restrict to DT-Classic-only.,1500 Classic | 2009 | 2010 | 2011 | 2012 | 2013 | 2014 | 2015 | 2016 | 2017 | 2018 | 2019 | 2020 | 2021 | 2022 | amber | black housing | DGPU09B.06 | Dodge Ram | full LED projector | headlight upgrade | headlights | HLPLNB-RAM09FLED-AB | LED headlights | projector headlights | Ram 1500 | Ram 2500 | Ram 3500 | truck headlights
1 - HARD HOLD,,YES,running boards,2009-2022,Extended Cab,,RBJZ-BR-RAM09-6P,Stehlen Auto,2009-2022-ram-1500-76-oe-style-running-boards-matte-black,2009-2022 Dodge Ram 1500 Quad/Extended Cab OE Running Boards Matte Black,https://stehlenauto.com/products/2009-2022-ram-1500-76-oe-style-running-boards-matte-black,,[bracket RBJZ-BR-RAM09-6P] Bracket spans 2009-2022 in title; warehouse must confirm bracket fits BOTH the DS chassis (09-18) AND DT Classic (19-22). DT new-body (19+) must be EXCLUDED.,2009 | 2009 Ram 1500 | 2010 | 2010 Ram 1500 | 2011 | 2011 Ram 1500 | 2012 | 2012 Ram 1500 | 2013 | 2013 Ram 1500 | 2014 | 2014 Ram 1500 | 2015 | 2015 Ram 1500 | 2016 | 2016 Ram 1500 | 2017 | 2017 Ram 1500 | 2018 | 2018 Ram 1500 | 2019 | 2019 Ram 1500 Classic | 2020 | 2020 Ram 1500 Classic | 2021 | 2021 Ram 1500 Classic | 2022 | 2022 Ram 1500 Classic | 76 inch running boards | aluminum running boards | Dodge Ram 1500 | extended cab running boards | flat mount running boards | matte black running boards | nerf bars | OE style running boards | quad cab running boards | Ram 1500 Classic | RBJZ-BR-RAM09-6P+RBJZ-76-6-OE-MB | running boards | side steps | truck accessories | truck steps
1 - HARD HOLD,,,bull guard - advance series w/led light bar,2009-2022,,,Bumper mount,Advanced Series,09-22-ram-1500-advanced-series-bull-guard-w-led-light-bar,2009-2022 Dodge Ram 1500 Bull Guard LED Light Bar - Advanced,https://stehlenauto.com/products/09-22-ram-1500-advanced-series-bull-guard-w-led-light-bar,,Same Ram DS/DT lie as running boards: 09-22 span crosses 09-18 DS and 19+ DT chassis with different bumper mount points. Confirm the bull guard actually fits BOTH or split.,2009 | 2009 2010 2011 2012 2013 2014 2015 2016 2017 2018 2019 2020 2021 2022 | 2010 | 2011 | 2012 | 2013 | 2014 | 2015 | 2016 | 2017 | 2018 | 2019 | 2020 | 2021 | 2022 | advanced series | BGHD-RAM091500-AL-TB | bull guard | Dodge Ram 1500 | excludes ram rebel | front bumper guard | front protection | grille guard | LED light bar | off-road | old body style | push bar | Ram 1500 Classic | texture black | truck accessories
1 - HARD HOLD,,,bull guard - advance series w/led light bar,2009-2022,,,Bumper mount,Advanced Series,09-22-ram-1500-advanced-series-bull-guard-w-led-light-bar-matte-black,2009-2022 Dodge Ram 1500 Bull Guard w/LED Light Bar Matte Black,https://stehlenauto.com/products/09-22-ram-1500-advanced-series-bull-guard-w-led-light-bar-matte-black,,Same Ram DS/DT lie as running boards: 09-22 span crosses 09-18 DS and 19+ DT chassis with different bumper mount points. Confirm the bull guard actually fits BOTH or split.,2009 | 2009 Ram 1500 | 2010 | 2010 Ram 1500 | 2011 | 2011 Ram 1500 | 2012 | 2012 Ram 1500 | 2013 | 2013 Ram 1500 | 2014 | 2014 Ram 1500 | 2015 | 2015 Ram 1500 | 2016 | 2016 Ram 1500 | 2017 | 2017 Ram 1500 | 2018 | 2018 Ram 1500 | 2019 | 2019 Ram 1500 Classic | 2020 | 2020 Ram 1500 Classic | 2021 | 2021 Ram 1500 Classic | 2022 | 2022 Ram 1500 Classic | advanced series | BGHD-RAM091500-AL-MB | bull bar | bull guard | Dodge Ram | front bumper guard | GBU10018-NUB7081 | grille guard | LED light bar | matte black | off-road lighting | push bar | Ram 1500 | Ram 1500 Classic | truck accessories
1 - HARD HOLD,,,bull guard - advance series w/skid plate,2009-2022,,,Bumper mount,Advanced Series,09-22-dodge-ram-1500-advanced-bull-guard-w-skid-plate-matte-black,2009-2022 Dodge Ram 1500 Bull Guard Brushed Chrome Skid Plate Matte Black,https://stehlenauto.com/products/09-22-dodge-ram-1500-advanced-bull-guard-w-skid-plate-matte-black,,Same Ram DS/DT lie as running boards: 09-22 span crosses 09-18 DS and 19+ DT chassis with different bumper mount points. Confirm the bull guard actually fits BOTH or split.,2009 | 2009-2022 | 2010 | 2011 | 2012 | 2013 | 2014 | 2015 | 2016 | 2017 | 2018 | 2019 | 2020 | 2021 | 2022 | advanced series | BGHD-RAM091500-AV-MBBA | brushed chrome | bull guard | dodge ram 1500 | excludes ram rebel | front bumper guard | front end protection | grille guard | matte black | push bar | ram 1500 classic | ram 1500 old body | skid plate | truck accessories
1 - HARD HOLD,,,bull guard - advance series w/skid plate,2009-2022,,,Bumper mount,Bull Guard,09-22-dodge-ram-1500-bull-guard-w-mesh-skid-plate-matte-black,2009-2022 Dodge Ram 1500 Bull Guard Mesh Skid Plate Matte Black,https://stehlenauto.com/products/09-22-dodge-ram-1500-bull-guard-w-mesh-skid-plate-matte-black,,Same Ram DS/DT lie as running boards: 09-22 span crosses 09-18 DS and 19+ DT chassis with different bumper mount points. Confirm the bull guard actually fits BOTH or split.,2009 | 2009 ram 1500 | 2010 | 2010 ram 1500 | 2011 | 2011 ram 1500 | 2012 | 2012 ram 1500 | 2013 | 2013 ram 1500 | 2014 | 2014 ram 1500 | 2015 | 2015 ram 1500 | 2016 | 2016 ram 1500 | 2017 | 2017 ram 1500 | 2018 | 2018 ram 1500 | 2019 | 2019 ram 1500 classic | 2020 | 2020 ram 1500 classic | 2021 | 2021 ram 1500 classic | 2022 | 2022 ram 1500 classic | BGHD-RAM091500-AM-MB | bull bar | bull guard | dodge ram | dodge ram 1500 | excludes rebel | front end protection | GBU10018-UB3303 | grille guard | matte black | mesh skid plate | push bar | ram 1500 | ram 1500 classic | skid plate | truck accessories
1 - HARD HOLD,,,bull guard - advance series w/skid plate,2009-2022,,,Bumper mount,Advanced Series,09-22-ram-1500-advanced-series-bull-guard-w-skid-plate-matte-black,2009-2022 Dodge Ram 1500 Bull Guard w/ Skid Plate Matte Black - Advanced Series,https://stehlenauto.com/products/09-22-ram-1500-advanced-series-bull-guard-w-skid-plate-matte-black,,Same Ram DS/DT lie as running boards: 09-22 span crosses 09-18 DS and 19+ DT chassis with different bumper mount points. Confirm the bull guard actually fits BOTH or split.,2009 | 2009 ram 1500 | 2010 | 2010 ram 1500 | 2011 | 2011 ram 1500 | 2012 | 2012 ram 1500 | 2013 | 2013 ram 1500 | 2014 | 2014 ram 1500 | 2015 | 2015 ram 1500 | 2016 | 2016 ram 1500 | 2017 | 2017 ram 1500 | 2018 | 2018 ram 1500 | 2019 | 2019 ram 1500 classic | 2020 | 2020 ram 1500 classic | 2021 | 2021 ram 1500 classic | 2022 | 2022 ram 1500 classic | advanced series | BGHD-RAM091500-AV-MB | bull guard | dodge ram 1500 | excludes ram rebel | front bumper guard | GBU10018-EUB-V0035-BK | grille guard | matte black | old body style | push bar | ram 1500 classic | skid plate
1 - HARD HOLD,,,headlights - led crystal style,2007-2017,,,OEM assembly,HLNB,07-13-toyota-tundra-08-15-sequoia-chrome-led-crystal-headlights,2007-2017 Toyota Tundra & Sequoia LED Crystal Headlights - Chrome,https://stehlenauto.com/products/07-13-toyota-tundra-08-15-sequoia-chrome-led-crystal-headlights,,"Per audit: 2014 Tundra got a fascia refresh; many '07-17' listings claim coverage they do not have. If listing also references 08-15 Sequoia (Sequoia kept body), split: Tundra 07-13 vs Sequoia 08-15.",2007 | 2007 Tundra | 2008 | 2008 Sequoia | 2008 Tundra | 2009 | 2009 Sequoia | 2009 Tundra | 2010 | 2010 Sequoia | 2010 Tundra | 2011 | 2011 Sequoia | 2011 Tundra | 2012 | 2012 Sequoia | 2012 Tundra | 2013 | 2013 Sequoia | 2013 Tundra | 2014 | 2014 Sequoia | 2015 | 2015 Sequoia | 2016 | 2016 Sequoia | 2017 | 2017 Sequoia | aftermarket headlights | amber headlights | chrome headlights | chrome housing | crystal headlights | headlights | HLNB-TUN07LBW-CHA | LED headlights | LED light bar | Toyota Sequoia | Toyota Tundra | TYTD07C.00
1 - HARD HOLD,,,headlights - led crystal style,2007-2017,,,OEM assembly,Spec-D Tuning,07-13-toyota-tundra-08-15-sequoia-chrome-led-headlights-sequential,2007-2017 Toyota Tundra Sequoia Crystal LED Headlights - Chrome,https://stehlenauto.com/products/07-13-toyota-tundra-08-15-sequoia-chrome-led-headlights-sequential,,"Per audit: 2014 Tundra got a fascia refresh; many '07-17' listings claim coverage they do not have. If listing also references 08-15 Sequoia (Sequoia kept body), split: Tundra 07-13 vs Sequoia 08-15.",2007 | 2007 Tundra headlights | 2008 | 2008 Sequoia headlights | 2009 | 2010 | 2011 | 2012 | 2013 | 2014 | 2015 | 2016 | 2017 | aftermarket headlights | chrome headlights | chrome housing | crystal headlights | headlights | HLNB-TUN07LSQ-CHA | LED headlights | LED turn signal | sequential turn signal | Toyota Sequoia | Toyota Tundra | TYTD07CS.00
1 - HARD HOLD,,,headlights - led crystal style,2007-2017,,,OEM assembly,JDMA,07-13-toyota-tundra-08-15-sequoia-led-crystal-headlights-black,2007-2017 Toyota Tundra Sequoia LED Crystal Headlights - Black,https://stehlenauto.com/products/07-13-toyota-tundra-08-15-sequoia-led-crystal-headlights-black,,"Per audit: 2014 Tundra got a fascia refresh; many '07-17' listings claim coverage they do not have. If listing also references 08-15 Sequoia (Sequoia kept body), split: Tundra 07-13 vs Sequoia 08-15.",2007 | 2007 Tundra | 2008 | 2008 Sequoia | 2008 Tundra | 2009 | 2009 Sequoia | 2009 Tundra | 2010 | 2010 Sequoia | 2010 Tundra | 2011 | 2011 Sequoia | 2011 Tundra | 2012 | 2012 Sequoia | 2012 Tundra | 2013 | 2013 Sequoia | 2013 Tundra | 2014 | 2014 Sequoia | 2015 | 2015 Sequoia | 2016 | 2016 Sequoia | 2017 | 2017 Sequoia | amber | black headlights | black housing | crystal headlights | custom headlights | headlights | HLNB-TUN07LBW-JDMA | LED headlights | LED light bar | Toyota Sequoia | Toyota Tundra | TYTD07C.06
1 - HARD HOLD,,,headlights - led crystal style,2007-2017,,,OEM assembly,Spec-D Tuning,07-13-toyota-tundra-08-15-sequoia-led-crystal-headlights-black-1,2007-2017 Toyota Tundra/Sequoia Crystal Headlights LED Turn Signal - Black,https://stehlenauto.com/products/07-13-toyota-tundra-08-15-sequoia-led-crystal-headlights-black-1,,"Per audit: 2014 Tundra got a fascia refresh; many '07-17' listings claim coverage they do not have. If listing also references 08-15 Sequoia (Sequoia kept body), split: Tundra 07-13 vs Sequoia 08-15.",2007 | 2007 Tundra | 2008 | 2008 Sequoia | 2008 Tundra | 2009 | 2009 Sequoia | 2009 Tundra | 2010 | 2010 Sequoia | 2010 Tundra | 2011 | 2011 Sequoia | 2011 Tundra | 2012 | 2012 Sequoia | 2012 Tundra | 2013 | 2013 Sequoia | 2013 Tundra | 2014 | 2014 Sequoia | 2015 | 2015 Sequoia | 2016 | 2016 Sequoia | 2017 | 2017 Sequoia | aftermarket headlights | black housing | crystal headlights | custom headlights | headlights | HLNB-TUN07LSQ-JDMA | LED headlights | LED turn signal | sequential turn signal | SUV headlights | Toyota Sequoia | Toyota Tundra | truck headlights | TYTD07CS.06
1 - HARD HOLD,,,headlights - led crystal style,,,,OEM assembly,HLPLNB,07-13-toyota-tundra-08-17-sequoia-full-led-projector-headlights-black,07-13 Toyota Tundra 08-17 Sequoia Full LED Projector Headlights Black,https://stehlenauto.com/products/07-13-toyota-tundra-08-17-sequoia-full-led-projector-headlights-black,,"Per audit: 2014 Tundra got a fascia refresh; many '07-17' listings claim coverage they do not have. If listing also references 08-15 Sequoia (Sequoia kept body), split: Tundra 07-13 vs Sequoia 08-15.",2007-2013 Tundra | 2008-2017 Sequoia | aftermarket headlights | amber reflector | black headlights | category:Headlights | full LED | headlights | HLPLNB | HLPLNB-TUN07FLED-AB | LED headlights | LED projector | make:Toyota | model:Sequoia | model:Tundra | plug and play headlights | projector headlights | Toyota headlights | Toyota Sequoia headlights | Toyota Tundra headlights | TYTD07B.06 | year:2007 | year:2008 | year:2009 | year:2010 | year:2011 | year:2012 | year:2013
1 - HARD HOLD,,,headlights - led crystal style,2007-2014,,,OEM assembly,JDM,07-14-chevy-silverado-crystal-black-headlights-no-amber,2007-2014 Chevrolet Silverado Crystal Headlights No Amber - Black,https://stehlenauto.com/products/07-14-chevy-silverado-crystal-black-headlights-no-amber,,Per audit: 2014 Silverado/Sierra 1500 is K2XX (NOT GMT900). Incompatible. Ship for 07-13 only; 14 must be excluded.,2007 | 2007 Silverado | 2008 | 2008 Silverado | 2009 | 2009 Silverado | 2010 | 2010 Silverado | 2011 | 2011 Silverado | 2012 | 2012 Silverado | 2013 | 2013 Silverado | 2014 | 2014 Silverado | black housing headlights | Chevrolet Silverado headlights | crystal headlights | CVSV07.03-1 | headlights | HLNB-SIL07-JDM | no amber headlights | OEM style headlights | replacement headlights | Silverado 1500 | Silverado 2500 HD | Silverado 3500 HD | truck headlights
1 - HARD HOLD,,,headlights - led crystal style,2009-2024,,,OEM assembly,Spec-D Tuning,09-18-dodge-ram-chrome-crystal-headlights-sequential-led-turn-signal,2009-2024 Dodge Ram Crystal Headlights Sequential LED Chrome,https://stehlenauto.com/products/09-18-dodge-ram-chrome-crystal-headlights-sequential-led-turn-signal,,Per audit: tag-set silently expanded to 09-24; does NOT fit DT new-body (19+). Ship for DS (09-18) + DT Classic (19-22 parallel run) only. Customer-visible failure: wrong housing + connector on 19+ Ram.,1500 classic headlights | 2009 | 2009 ram headlights | 2010 | 2010 ram headlights | 2011 | 2011 ram headlights | 2012 | 2013 | 2014 | 2015 | 2016 | 2017 | 2018 | 2018 ram headlights | 2019 | 2020 | 2021 | 2022 | 2023 | 2024 | amber turn signal | chrome headlights | chrome housing | crystal headlights | DGPU09CS.00 | dodge ram 1500 | dodge ram 2500 | dodge ram 3500 | dodge ram headlights | headlights | HLNB-RAM09LSQ-CHA | LED headlights | ram 1500 headlights | ram 2500 headlights | ram 3500 headlights | sequential LED | sequential turn signal
1 - HARD HOLD,,,headlights - led crystal style,2009-2024,,,OEM assembly,Spec-D Tuning,09-18-dodge-ram-chrome-crystal-headlights-w-led-light-bar,2009-2024 Dodge Ram Crystal Headlights w/ LED Bar Chrome,https://stehlenauto.com/products/09-18-dodge-ram-chrome-crystal-headlights-w-led-light-bar,,Per audit: tag-set silently expanded to 09-24; does NOT fit DT new-body (19+). Ship for DS (09-18) + DT Classic (19-22 parallel run) only. Customer-visible failure: wrong housing + connector on 19+ Ram.,1500 Classic headlights | 2009 | 2009 Ram headlights | 2010 | 2010 Ram headlights | 2011 | 2011 Ram headlights | 2012 | 2012 Ram headlights | 2013 | 2013 Ram headlights | 2014 | 2014 Ram headlights | 2015 | 2015 Ram headlights | 2016 | 2016 Ram headlights | 2017 | 2017 Ram headlights | 2018 | 2018 Ram headlights | 2019 | 2020 | 2021 | 2022 | 2023 | 2024 | aftermarket headlights | chrome headlights | crystal headlights | custom headlights | DGPU09C.00 | Dodge Ram headlights | headlights | HLNB-RAM09LBW-CHA | LED light bar headlights | Ram 1500 headlights | Ram 2500 headlights | Ram 3500 headlights
1 - HARD HOLD,,,headlights - led crystal style,2009-2024,,,OEM assembly,JDMA,09-18-dodge-ram-crystal-headlights-sequential-led-turn-signal-black,2009-2024 Dodge Ram 1500/2500/3500 Crystal Headlights Sequential LED - JDMA,https://stehlenauto.com/products/09-18-dodge-ram-crystal-headlights-sequential-led-turn-signal-black,,Per audit: tag-set silently expanded to 09-24; does NOT fit DT new-body (19+). Ship for DS (09-18) + DT Classic (19-22 parallel run) only. Customer-visible failure: wrong housing + connector on 19+ Ram.,2009 | 2009 Ram headlights | 2010 | 2010 Ram headlights | 2011 | 2011 Ram headlights | 2012 | 2012 Ram headlights | 2013 | 2013 Ram headlights | 2014 | 2014 Ram headlights | 2015 | 2015 Ram headlights | 2016 | 2016 Ram headlights | 2017 | 2017 Ram headlights | 2018 | 2018 Ram headlights | 2019 | 2020 | 2021 | 2022 | 2023 | 2024 | amber turn signal | black housing headlights | crystal headlights | DGPU09CS.06 | Dodge Ram headlights | headlights | HLNB-RAM09LSQ-JDMA | LED headlights | LED turn signal | Ram 1500 Classic headlights | Ram 1500 headlights | Ram 2500 headlights | Ram 3500 headlights | sequential turn signal
1 - HARD HOLD,,,headlights - led crystal style,2009-2024,,,OEM assembly,JDMA,09-18-dodge-ram-crystal-headlights-w-led-light-bar-black,2009-2024 Dodge Ram Crystal Headlights LED Light Bar Black,https://stehlenauto.com/products/09-18-dodge-ram-crystal-headlights-w-led-light-bar-black,,Per audit: tag-set silently expanded to 09-24; does NOT fit DT new-body (19+). Ship for DS (09-18) + DT Classic (19-22 parallel run) only. Customer-visible failure: wrong housing + connector on 19+ Ram.,1500 Classic | 2009 | 2009-2018 | 2010 | 2011 | 2012 | 2013 | 2014 | 2015 | 2016 | 2017 | 2018 | 2019 | 2020 | 2021 | 2022 | 2023 | 2024 | amber headlights | black housing | crystal headlights | custom headlights | DGPU09C.06 | Dodge Ram | dodge ram headlights | halogen replacement | headlights | HLNB-RAM09LBW-JDMA | LED headlights | LED light bar | Ram 1500 | Ram 2500 | Ram 3500 | truck headlights
1 - HARD HOLD,,,headlights - led crystal style,2009-2022,,,OEM assembly,JDM,2009-2022-dodge-ram-crystal-black-headlights-quad-style,2009-2022 Dodge Ram 1500 2500 3500 Crystal Headlights Black - JDM,https://stehlenauto.com/products/2009-2022-dodge-ram-crystal-black-headlights-quad-style,,Per audit: 09-22 span lies. DS chassis (09-18) and DT Classic (19-22) share a body but DT new-body (19-22 parallel) does NOT. Split or restrict to DT-Classic-only.,1500 classic | 2009 | 2010 | 2011 | 2012 | 2013 | 2014 | 2015 | 2016 | 2017 | 2018 | 2019 | 2020 | 2021 | 2022 | black housing | crystal headlights | DGPU09V2.03 | dodge ram | headlights | HLNB-RAM09Q-JDM | new body style | no bulbs | oem replacement | quad style | ram 1500 | ram 2500 | ram 3500
1 - HARD HOLD,,,headlights - led crystal style,2009-2022,,,OEM assembly,Aftermarket,2009-2022-dodge-ram-crystal-headlights-chrome-quad-style,2009-2022 Dodge Ram 1500 2500 3500 Crystal Headlights - Chrome,https://stehlenauto.com/products/2009-2022-dodge-ram-crystal-headlights-chrome-quad-style,,Per audit: 09-22 span lies. DS chassis (09-18) and DT Classic (19-22) share a body but DT new-body (19-22 parallel) does NOT. Split or restrict to DT-Classic-only.,1500 classic headlights | 2009 | 2009 ram headlights | 2010 | 2010 ram headlights | 2011 | 2011 ram headlights | 2012 | 2012 ram headlights | 2013 | 2013 ram headlights | 2014 | 2014 ram headlights | 2015 | 2015 ram headlights | 2016 | 2016 ram headlights | 2017 | 2017 ram headlights | 2018 | 2018 ram headlights | 2019 | 2020 | 2021 | 2022 | chrome headlights | crystal headlights | DGPU09V2.04 | dodge ram headlights | headlights | HLNB-RAM09Q-CH | oem style headlights | quad headlights | ram 1500 headlights | ram 2500 headlights | ram 3500 headlights
1 - HARD HOLD,,,headlights - projector,2007-2017,,,OEM assembly,Spec-D Tuning,07-13-toyota-tundra-08-15-sequoia-projector-headlights-black-led-halo,2007-2017 Toyota Tundra Sequoia Projector Headlights LED Halo - Black,https://stehlenauto.com/products/07-13-toyota-tundra-08-15-sequoia-projector-headlights-black-led-halo,,"Per audit: 2014 Tundra got a fascia refresh; many '07-17' listings claim coverage they do not have. If listing also references 08-15 Sequoia (Sequoia kept body), split: Tundra 07-13 vs Sequoia 08-15.",2007 | 2007 Tundra | 2008 | 2008 Sequoia | 2008 Tundra | 2009 | 2009 Sequoia | 2009 Tundra | 2010 | 2010 Sequoia | 2010 Tundra | 2011 | 2011 Sequoia | 2011 Tundra | 2012 | 2012 Sequoia | 2012 Tundra | 2013 | 2013 Sequoia | 2013 Tundra | 2014 | 2014 Sequoia | 2015 | 2015 Sequoia | 2016 | 2016 Sequoia | 2017 | 2017 Sequoia | aftermarket headlights | amber | black housing | custom headlights | HLPNB-TUN07LBW-AB | LED halo | LED halo ring | light bar | projector headlights | super white LED | Toyota Sequoia | Toyota Tundra | TYTD07D.06
1 - HARD HOLD,,,headlights - projector,2007-2017,,,OEM assembly,HLPNB,07-13-toyota-tundra-08-15-sequoia-projector-headlights-chrome-led,2007-2017 Toyota Tundra Sequoia Projector Headlights LED - TYTD07DS,https://stehlenauto.com/products/07-13-toyota-tundra-08-15-sequoia-projector-headlights-chrome-led,,"Per audit: 2014 Tundra got a fascia refresh; many '07-17' listings claim coverage they do not have. If listing also references 08-15 Sequoia (Sequoia kept body), split: Tundra 07-13 vs Sequoia 08-15.",2007 | 2007 Tundra | 2008 | 2008 Sequoia | 2008 Tundra | 2009 | 2009 Sequoia | 2009 Tundra | 2010 | 2010 Sequoia | 2010 Tundra | 2011 | 2011 Sequoia | 2011 Tundra | 2012 | 2012 Sequoia | 2012 Tundra | 2013 | 2013 Sequoia | 2013 Tundra | 2014 | 2014 Sequoia | 2015 | 2015 Sequoia | 2016 | 2016 Sequoia | 2017 | 2017 Sequoia | aftermarket headlights | amber accent | chrome headlights | headlight assembly | HLPNB-TUN07LSQ-AC | LED turn signal | projector headlights | sequential LED | Toyota Sequoia | Toyota Tundra | TYTD07DS.00
1 - HARD HOLD,,,headlights - projector,2009-2024,,,OEM assembly,Spec-D Tuning,09-18-dodge-ram-projector-headlights-led-light-bar-black-dgpu09d,2009-2024 Dodge Ram 1500 2500 3500 Projector Headlights LED - Black,https://stehlenauto.com/products/09-18-dodge-ram-projector-headlights-led-light-bar-black-dgpu09d,,Per audit: tag-set silently expanded to 09-24; does NOT fit DT new-body (19+). Ship for DS (09-18) + DT Classic (19-22 parallel run) only. Customer-visible failure: wrong housing + connector on 19+ Ram.,1500 classic headlights | 2009 | 2009 ram headlights | 2010 | 2010 ram headlights | 2011 | 2011 ram headlights | 2012 | 2012 ram headlights | 2013 | 2013 ram headlights | 2014 | 2014 ram headlights | 2015 | 2015 ram headlights | 2016 | 2016 ram headlights | 2017 | 2017 ram headlights | 2018 | 2018 ram headlights | 2019 | 2020 | 2021 | 2022 | 2023 | 2024 | amber headlights | black headlights | DGPU09D.06 | dodge ram headlights | dodge ram projector | HLPNB-RAM09LBW-AB | led headlight assembly | led light bar headlights | projector headlights | ram 1500 headlights | ram 2500 headlights | ram 3500 headlights | truck headlights
1 - HARD HOLD,,,headlights - projector,2009-2024,,,OEM assembly,Spec-D Tuning,09-18-dodge-ram-projector-headlights-sequential-led-turn-signal-black,2009-2024 Dodge Ram 1500 2500 3500 Projector Headlights - Black,https://stehlenauto.com/products/09-18-dodge-ram-projector-headlights-sequential-led-turn-signal-black,,Per audit: tag-set silently expanded to 09-24; does NOT fit DT new-body (19+). Ship for DS (09-18) + DT Classic (19-22 parallel run) only. Customer-visible failure: wrong housing + connector on 19+ Ram.,2009 | 2009 2010 2011 2012 2013 2014 2015 2016 2017 2018 dodge ram | 2010 | 2011 | 2012 | 2013 | 2014 | 2015 | 2016 | 2017 | 2018 | 2019 | 2020 | 2021 | 2022 | 2023 | 2024 | aftermarket headlights | amber turn signal | black headlights | DGPU09DS.06 | dodge ram headlights | HLPNB-RAM09LSQ-AB | projector headlights | ram 1500 classic headlights | ram 1500 headlights | ram 2500 headlights | ram 3500 headlights | sequential LED turn signal
1 - HARD HOLD,,,headlights - projector,2009-2024,,,OEM assembly,Spec-D Tuning,09-18-dodge-ram-sequential-led-projector-headlights-chrome,2009-2024 Dodge Ram 1500 2500 3500 Projector Headlights Sequential LED - Chrome,https://stehlenauto.com/products/09-18-dodge-ram-sequential-led-projector-headlights-chrome,,Per audit: tag-set silently expanded to 09-24; does NOT fit DT new-body (19+). Ship for DS (09-18) + DT Classic (19-22 parallel run) only. Customer-visible failure: wrong housing + connector on 19+ Ram.,1500 Classic | 2009 | 2009 2010 2011 2012 2013 2014 2015 2016 2017 2018 2019 2020 2021 2022 2023 2024 | 2010 | 2011 | 2012 | 2013 | 2014 | 2015 | 2016 | 2017 | 2018 | 2019 | 2020 | 2021 | 2022 | 2023 | 2024 | aftermarket headlights | amber LED | chrome headlights | chrome housing | DGPU09DS.00 | Dodge Ram headlights | HLPNB-RAM09LSQ-AC | LED turn signal bar | projector headlights | Ram 1500 | Ram 2500 | Ram 3500 | sequential LED | truck headlights | turn signal
1 - HARD HOLD,,,running boards,2009-2022,Crew Cab,,RBJZ-BR-RAM09-6P,RBJZ,09-22-dodge-ram-1500-5500-crew-cab-86-aluminum-running-boards,2009-2022 Dodge Ram 1500-5500 Crew Cab Running Boards - TI Style Matte Black,https://stehlenauto.com/products/09-22-dodge-ram-1500-5500-crew-cab-86-aluminum-running-boards,,[bracket RBJZ-BR-RAM09-6P] Bracket spans 2009-2022 in title; warehouse must confirm bracket fits BOTH the DS chassis (09-18) AND DT Classic (19-22). DT new-body (19+) must be EXCLUDED.,2009 | 2009 2010 2011 2012 2013 2014 2015 2016 2017 2018 2019 2020 2021 2022 | 2010 | 2011 | 2012 | 2013 | 2014 | 2015 | 2016 | 2017 | 2018 | 2019 | 2020 | 2021 | 2022 | 86 inch | aluminum running boards | cab entry | combo kit | crew cab | dodge ram | dodge ram running boards | flat mount | matte black | nerf bars | ram 1500 | ram 2500 | ram 3500 | ram 4500 | ram 5500 | RBJZ brackets | RBJZ-BR-RAM09-6P+RBJZ-86-5-TI-MB | running boards | side steps | TI style | truck steps
1 - HARD HOLD,,,running boards,2009-2022,Crew Cab,,RBJZ-BR-RAM09-6P,RBJZ,09-22-dodge-ram-1500-5500-crew-cab-oe-style-running-boards,2009-2022 Dodge Ram 1500-5500 Crew Cab OE Running Boards - Matte Black,https://stehlenauto.com/products/09-22-dodge-ram-1500-5500-crew-cab-oe-style-running-boards,,[bracket RBJZ-BR-RAM09-6P] Bracket spans 2009-2022 in title; warehouse must confirm bracket fits BOTH the DS chassis (09-18) AND DT Classic (19-22). DT new-body (19+) must be EXCLUDED.,1500 Classic | 2009 | 2009 2010 2011 2012 2013 2014 2015 2016 2017 2018 2019 2020 2021 2022 | 2010 | 2011 | 2012 | 2013 | 2014 | 2015 | 2016 | 2017 | 2018 | 2019 | 2020 | 2021 | 2022 | 86 inch | aluminum | combo kit | crew cab | Dodge Ram | flat mount | matte black | mount brackets | nerf bars | OE style | Ram 1500 | Ram 2500 | Ram 3500 | Ram 4500 | Ram 5500 | RBJZ | RBJZ-BR-RAM09-6P+RBJZ-86-6-OE-MB | running boards | side steps
1 - HARD HOLD,,,running boards,2009-2022,Crew Cab,,RBJZ-BR-RAM09-6P,RBJZ,09-22-dodge-ram-1500-5500-crew-cab-oe-style-running-boards-silver,2009-2022 Dodge Ram 1500-5500 Crew Cab OE Running Boards Silver,https://stehlenauto.com/products/09-22-dodge-ram-1500-5500-crew-cab-oe-style-running-boards-silver,,[bracket RBJZ-BR-RAM09-6P] Bracket spans 2009-2022 in title; warehouse must confirm bracket fits BOTH the DS chassis (09-18) AND DT Classic (19-22). DT new-body (19+) must be EXCLUDED.,2009 | 2009 2010 2011 2012 2013 2014 2015 2016 2017 2018 2019 2020 2021 2022 | 2010 | 2011 | 2012 | 2013 | 2014 | 2015 | 2016 | 2017 | 2018 | 2019 | 2020 | 2021 | 2022 | 4-door | 86 inch running board | aluminum running boards | bracket kit | combo kit | crew cab | Dodge Ram 1500 | Dodge Ram 1500 Classic | Dodge Ram 2500 | Dodge Ram 3500 | Dodge Ram 4500 | Dodge Ram 5500 | Dodge Ram running boards | flat mount | nerf bars | OE style running boards | RBJZ-BR-RAM09-6P+RBJZ-86-6-OE-SL | running boards | side steps | silver running boards
1 - HARD HOLD,,,running boards,2005-2022,Access Cab,,RBJZ-BR-TACO05-6P,RBJZ,2005-2022-toyota-tacoma-5-aluminum-running-boards-matte-black,"2005-2022 Toyota Tacoma Access Cab 5"" Running Boards - RBJZ",https://stehlenauto.com/products/2005-2022-toyota-tacoma-5-aluminum-running-boards-matte-black,,[bracket RBJZ-BR-TACO05-6P] Title claims 2005-2022 Tacoma. Bracket must fit BOTH 2nd gen (05-15) AND 3rd gen (16-23) - different frame holes.,2005 | 2005-2022 | 2006 | 2007 | 2008 | 2009 | 2010 | 2011 | 2012 | 2013 | 2014 | 2015 | 2016 | 2017 | 2018 | 2019 | 2020 | 2021 | 2022 | 5 inch | Access Cab | aluminum | bolt-on | Extended Cab | flat mount | matte black | nerf bars | RBJZ | RBJZ-BR-TACO05-6P+RBJZ-76-5-TI-MB | running boards | side steps | step bars | TI style | Toyota Tacoma | truck accessories
1 - HARD HOLD,,,running boards,2005-2022,Access Cab,,RBJZ-BR-TACO05-6P,RBJZ,2005-2022-toyota-tacoma-6-oe-style-running-boards-polished,"2005-2022 Toyota Tacoma Access Cab 6"" Running Boards - Polish",https://stehlenauto.com/products/2005-2022-toyota-tacoma-6-oe-style-running-boards-polished,,[bracket RBJZ-BR-TACO05-6P] Title claims 2005-2022 Tacoma. Bracket must fit BOTH 2nd gen (05-15) AND 3rd gen (16-23) - different frame holes.,2005 | 2005-2022 | 2006 | 2007 | 2008 | 2009 | 2010 | 2011 | 2012 | 2013 | 2014 | 2015 | 2016 | 2017 | 2018 | 2019 | 2020 | 2021 | 2022 | 6 inch | 76 inch | Access Cab | aluminum running boards | Extended Cab | flat mount | OE style | polished aluminum | RBJZ-BR-TACO05-6P+RBJZ-76-6-OE-SL | running boards | side steps | Tacoma running boards | Toyota Tacoma | truck accessories
1 - HARD HOLD,,,running boards,2005-2022,Crew Cab,,RBJZ-BR-TACO05-6P,RBJZ,2005-2022-toyota-tacoma-86-aluminum-running-boards-matte-black,2005-2022 Toyota Tacoma Crew Cab Running Boards - RBJZ,https://stehlenauto.com/products/2005-2022-toyota-tacoma-86-aluminum-running-boards-matte-black,,[bracket RBJZ-BR-TACO05-6P] Title claims 2005-2022 Tacoma. Bracket must fit BOTH 2nd gen (05-15) AND 3rd gen (16-23) - different frame holes.,2005 | 2005-2022 | 2006 | 2007 | 2008 | 2009 | 2010 | 2011 | 2012 | 2013 | 2014 | 2015 | 2016 | 2017 | 2018 | 2019 | 2020 | 2021 | 2022 | aluminum | bolt-on | crew cab | double cab | flat mount | matte black | RBJZ | RBJZ-BR-TACO05-6P+RBJZ-86-5-TI-MB | running boards | side steps | TI style | Toyota Tacoma | truck accessories
1 - HARD HOLD,,,running boards,2005-2022,Access Cab,,RBJZ-BR-TACO05-6P,RBJZ,2005-2022-toyota-tacoma-access-cab-oe-style-running-boards-matte-black,2005-2022 Toyota Tacoma Access Cab OE Style Running Boards - RBJZ,https://stehlenauto.com/products/2005-2022-toyota-tacoma-access-cab-oe-style-running-boards-matte-black,,[bracket RBJZ-BR-TACO05-6P] Title claims 2005-2022 Tacoma. Bracket must fit BOTH 2nd gen (05-15) AND 3rd gen (16-23) - different frame holes.,2005 | 2005-2022 | 2006 | 2007 | 2008 | 2009 | 2010 | 2011 | 2012 | 2013 | 2014 | 2015 | 2016 | 2017 | 2018 | 2019 | 2020 | 2021 | 2022 | access cab | aluminum | extended cab | flat mount | matte black | OE style | RBJZ | RBJZ-BR-TACO05-6P+RBJZ-76-6-OE-MB | running boards | side steps | Tacoma running boards | Toyota Tacoma | truck accessories
1 - HARD HOLD,,,running boards,2005-2022,Crew Cab,,RBJZ-BR-TACO05-6P,RBJZ,2005-2022-toyota-tacoma-oe-style-aluminum-running-boards-silver,2005-2022 Toyota Tacoma Crew Cab OE Style Running Boards - Silver,https://stehlenauto.com/products/2005-2022-toyota-tacoma-oe-style-aluminum-running-boards-silver,,[bracket RBJZ-BR-TACO05-6P] Title claims 2005-2022 Tacoma. Bracket must fit BOTH 2nd gen (05-15) AND 3rd gen (16-23) - different frame holes.,2005 | 2005-2022 | 2006 | 2007 | 2008 | 2009 | 2010 | 2011 | 2012 | 2013 | 2014 | 2015 | 2016 | 2017 | 2018 | 2019 | 2020 | 2021 | 2022 | aluminum | crew cab | double cab | exterior accessories | flat mount | OE style | RBJZ | RBJZ-BR-TACO05-6P+RBJZ-86-6-OE-SL | running boards | side steps | silver | step bars | Toyota Tacoma | truck accessories
1 - HARD HOLD,,,running boards,2005-2022,Crew Cab,,RBJZ-BR-TACO05-6P,RBJZ,2005-2022-toyota-tacoma-oe-style-running-boards-matte-black,2005-2022 Toyota Tacoma Crew Cab OE Style Running Boards - RBJZ,https://stehlenauto.com/products/2005-2022-toyota-tacoma-oe-style-running-boards-matte-black,,[bracket RBJZ-BR-TACO05-6P] Title claims 2005-2022 Tacoma. Bracket must fit BOTH 2nd gen (05-15) AND 3rd gen (16-23) - different frame holes.,2005 | 2005-2022 | 2006 | 2007 | 2008 | 2009 | 2010 | 2011 | 2012 | 2013 | 2014 | 2015 | 2016 | 2017 | 2018 | 2019 | 2020 | 2021 | 2022 | aluminum | bolt-on | crew cab | double cab | exterior accessories | flat mount | matte black | OE style | RBJZ-BR-TACO05-6P+RBJZ-86-6-OE-MB | running boards | side steps | Toyota Tacoma | truck accessories
1 - HARD HOLD,,,running boards,2009-2022,Extended Cab,,RBJZ-BR-RAM09-6P,RBJZ,2009-2022-ram-1500-5-aluminum-running-boards-matte-black-rbjz,2009-2022 Dodge Ram 1500 Quad/Extended Cab Running Boards Matte Black,https://stehlenauto.com/products/2009-2022-ram-1500-5-aluminum-running-boards-matte-black-rbjz,,[bracket RBJZ-BR-RAM09-6P] Bracket spans 2009-2022 in title; warehouse must confirm bracket fits BOTH the DS chassis (09-18) AND DT Classic (19-22). DT new-body (19+) must be EXCLUDED.,2009 | 2009 2010 2011 2012 2013 2014 2015 2016 2017 2018 2019 2020 2021 2022 | 2010 | 2011 | 2012 | 2013 | 2014 | 2015 | 2016 | 2017 | 2018 | 2019 | 2020 | 2021 | 2022 | aluminum running boards | Dodge Ram | Dodge Ram 1500 | extended cab | flat mount running boards | matte black | nerf bars | quad cab | Ram 1500 Classic | RBJZ-BR-RAM09-6P+RBJZ-76-5-TI-MB | running boards | side steps | TI style | truck steps
1 - HARD HOLD,,,running boards,2009-2022,Extended Cab,,RBJZ-BR-RAM09-6P,RBJZ,2009-2022-ram-1500-6-oe-style-aluminum-running-boards-polish,2009-2022 Dodge Ram 1500 Quad/Extended Cab Running Boards - Polished Aluminum OE Style,https://stehlenauto.com/products/2009-2022-ram-1500-6-oe-style-aluminum-running-boards-polish,,[bracket RBJZ-BR-RAM09-6P] Bracket spans 2009-2022 in title; warehouse must confirm bracket fits BOTH the DS chassis (09-18) AND DT Classic (19-22). DT new-body (19+) must be EXCLUDED.,2009 | 2009 2010 2011 2012 2013 2014 2015 2016 2017 2018 2019 2020 2021 2022 | 2010 | 2011 | 2012 | 2013 | 2014 | 2015 | 2016 | 2017 | 2018 | 2019 | 2020 | 2021 | 2022 | 6 inch running boards | 76 inch running boards | combo kit | Dodge Ram running boards | Extended Cab running boards | flat mount running boards | nerf bars | OE style running boards | polished aluminum running boards | Quad Cab running boards | Ram 1500 Classic running boards | Ram 1500 running boards | RBJZ brackets | RBJZ-BR-RAM09-6P+RBJZ-76-6-OE-SL | running boards | side steps
1 - HARD HOLD,,,running boards,2015-2023,Crew Cab,,RBJZ-BR-F15015-6P,RBJZ,2015-2023-ford-f-150-super-duty-86-aluminum-running-boards-matte-black,2015-2023 Ford F-150/Super Duty Crew Cab 86 inch Aluminum Running Boards - Matte Black,https://stehlenauto.com/products/2015-2023-ford-f-150-super-duty-86-aluminum-running-boards-matte-black,,[bracket RBJZ-BR-F15015-6P] Title claims 2015-2023 F-150/Super Duty. Bracket must fit BOTH P552 (15-20) AND P702 (21+). 2023 Super Duty redesigned.,2015 | 2015-2023 | 2016 | 2017 | 2018 | 2019 | 2020 | 2021 | 2022 | 2023 | aluminum | crew cab | flat mount | Ford F-150 | Ford F-250 | Ford F-350 | Ford F-450 | Ford F-550 | matte black | RBJZ | RBJZ-BR-F15015-6P+RBJZ-86-5-TI-MB | running boards | side steps | Super Duty | supercrew | TI style | truck accessories
1 - HARD HOLD,,,running boards,2015-2023,Crew Cab,,RBJZ-BR-F15015-6P,RBJZ,2015-2023-ford-f-150-super-duty-86-oe-style-running-boards-matte-black,2015-2023 Ford F-150/Super Duty Crew Cab 86 inch OE Style Running Boards - Matte Black,https://stehlenauto.com/products/2015-2023-ford-f-150-super-duty-86-oe-style-running-boards-matte-black,,[bracket RBJZ-BR-F15015-6P] Title claims 2015-2023 F-150/Super Duty. Bracket must fit BOTH P552 (15-20) AND P702 (21+). 2023 Super Duty redesigned.,2015 | 2015-2023 | 2016 | 2017 | 2018 | 2019 | 2020 | 2021 | 2022 | 2023 | aluminum | crew cab | exterior accessories | flat mount | Ford F-150 | Ford F-250 | Ford F-350 | Ford F-450 | Ford F-550 | matte black | OE style | RBJZ-BR-F15015-6P+RBJZ-86-6-OE-MB | running boards | side steps | Super Duty | supercrew | truck accessories
1 - HARD HOLD,,,running boards,2015-2023,Crew Cab,,RBJZ-BR-F15015-6P,RBJZ,2015-2023-ford-f-150-super-duty-86-oe-style-running-boards-silver,2015-2023 Ford F-150/Super Duty Crew Cab OE Running Boards - Silver,https://stehlenauto.com/products/2015-2023-ford-f-150-super-duty-86-oe-style-running-boards-silver,,[bracket RBJZ-BR-F15015-6P] Title claims 2015-2023 F-150/Super Duty. Bracket must fit BOTH P552 (15-20) AND P702 (21+). 2023 Super Duty redesigned.,2015 | 2015-2023 | 2016 | 2017 | 2018 | 2019 | 2020 | 2021 | 2022 | 2023 | aluminum | crew cab | exterior accessories | flat mount | Ford F-150 | Ford F-250 | Ford F-350 | Ford F-450 | Ford F-550 | OE style | RBJZ-BR-F15015-6P+RBJZ-86-6-OE-SL | running boards | side steps | silver | Super Duty | supercrew | truck accessories
2 - VERIFY HIGH,,YES,running boards,2019-2024,Crew Cab,,RBJZ-BR-SIL19-6P,Stehlen Auto,2019-2024-chevy-silverado-gmc-sierra-86-modular-running-boards,2019-2024 Chevrolet/GMC Silverado Sierra Crew Cab Running Boards,https://stehlenauto.com/products/2019-2024-chevy-silverado-gmc-sierra-86-modular-running-boards,,[bracket RBJZ-BR-SIL19-6P] Title claims 2019-2024 Silverado/Sierra. Confirm bracket spans T1XX (19-21) AND the 2022 fascia/frame refresh.,2019 | 2019 Chevrolet Silverado | 2019 GMC Sierra | 2020 | 2020 Chevrolet Silverado | 2020 GMC Sierra | 2021 | 2021 Chevrolet Silverado | 2021 GMC Sierra | 2022 | 2022 Chevrolet Silverado | 2022 GMC Sierra | 2023 | 2023 Chevrolet Silverado | 2023 GMC Sierra | 2024 | 2024 Chevrolet Silverado | 2024 GMC Sierra | 86 inch running board | crew cab | diesel DEF tank | modular running boards | nerf bar | RBJZ-BR-SIL19-6P+RBJZ-86-MRB-TB | rocker panel mount | running boards | side steps | Sierra 1500 | Sierra 2500 HD | Sierra 3500 HD | Silverado 1500 | Silverado 2500 HD | Silverado 3500 HD | steel running boards | texture black | truck accessories | truck step
2 - VERIFY HIGH,,YES,running boards,2019-2024,Extended Cab,,RBJZ-BR-RAM191500-6P,Stehlen Auto,2019-2024-ram-1500-76-oe-style-aluminum-running-boards-matte-black,2019-2024 Dodge Ram 1500 Extended Cab OE Running Boards - Matte Black,https://stehlenauto.com/products/2019-2024-ram-1500-76-oe-style-aluminum-running-boards-matte-black,,[bracket RBJZ-BR-RAM191500-6P] Title claims 2019-2024 Ram 1500. Confirm bracket is sized for DT new-body chassis ONLY; must NOT fit DS or DT Classic.,2019 | 2019 Ram 1500 | 2020 | 2020 Ram 1500 | 2021 | 2021 Ram 1500 | 2022 | 2022 Ram 1500 | 2023 | 2023 Ram 1500 | 2024 | 2024 Ram 1500 | aluminum running boards | combo kit | Dodge Ram 1500 | extended cab | flat mount | matte black | nerf bars | OE style | quad cab | Ram 1500 | RBJZ-BR-RAM191500-6P+RBJZ-76-6-OE-MB | running boards | side steps | truck running boards
2 - VERIFY HIGH,,YES,running boards,2019-2024,Crew Cab,,RBJZ-BR-RAM191500-6P,Stehlen Auto,2019-2024-ram-1500-86-oe-style-aluminum-running-boards-matte-black,2019-2024 Dodge Ram 1500 Crew Cab OE Running Boards - Matte Black,https://stehlenauto.com/products/2019-2024-ram-1500-86-oe-style-aluminum-running-boards-matte-black,,[bracket RBJZ-BR-RAM191500-6P] Title claims 2019-2024 Ram 1500. Confirm bracket is sized for DT new-body chassis ONLY; must NOT fit DS or DT Classic.,2019 | 2019 ram 1500 | 2020 | 2020 ram 1500 | 2021 | 2021 ram 1500 | 2022 | 2022 ram 1500 | 2023 | 2023 ram 1500 | 2024 | 2024 ram 1500 | 86 inch running board | aluminum running boards | crew cab | dodge ram 1500 | dodge ram accessories | flat mount | matte black | nerf bars | new body style | OE style | ram 1500 | RBJZ-BR-RAM191500-6P+RBJZ-86-6-OE-MB | running boards | side steps | truck running boards
2 - VERIFY HIGH,,YES,running boards,2019-2024,Crew Cab,,RBJZ-BR-RAM191500-6P,Stehlen Auto,2019-2024-ram-1500-modular-steel-running-boards-texture-black,"2019-2024 Dodge Ram 1500 Crew Cab Running Boards 86"" Modular Steel",https://stehlenauto.com/products/2019-2024-ram-1500-modular-steel-running-boards-texture-black,,[bracket RBJZ-BR-RAM191500-6P] Title claims 2019-2024 Ram 1500. Confirm bracket is sized for DT new-body chassis ONLY; must NOT fit DS or DT Classic.,2019 | 2019 ram 1500 | 2020 | 2020 ram 1500 | 2021 | 2021 ram 1500 | 2022 | 2022 ram 1500 | 2023 | 2023 ram 1500 | 2024 | 2024 ram 1500 | 86 inch running board | crew cab | dodge ram | modular running boards | nerf bars | new body style | ram 1500 | ram 1500 accessories | RBJZ-BR-RAM191500-6P+RBJZ-86-MRB-TB | running board brackets | running boards | side steps | steel running boards | texture black | truck running boards
2 - VERIFY HIGH,,YES,running boards,2019-2024,Extended Cab,,RBJZ-BR-RAM191500-6P,Stehlen Auto,2019-2024-ram-1500-quad-cab-76-modular-steel-running-boards,2019-2024 Dodge Ram 1500 Extended Cab Running Boards Steel Modular,https://stehlenauto.com/products/2019-2024-ram-1500-quad-cab-76-modular-steel-running-boards,,[bracket RBJZ-BR-RAM191500-6P] Title claims 2019-2024 Ram 1500. Confirm bracket is sized for DT new-body chassis ONLY; must NOT fit DS or DT Classic.,2019 | 2020 | 2021 | 2022 | 2023 | 2024 | 76 inch running boards | combo kit | dodge ram 1500 | extended cab | modular running boards | nerf bars | quad cab | ram 1500 | RBJZ-BR-RAM191500-6P+RBJZ-76-MRB-TB | running boards | side steps | steel running boards | texture black | truck running boards
2 - VERIFY HIGH,,YES,running boards,2019-2024,Crew Cab,,RBJZ-BR-SIL19-6P,Stehlen Auto,2019-2024-silverado-sierra-86-oe-style-running-boards-matte-black,2019-2024 Chevrolet/GMC Silverado Sierra Crew Cab OE Running Boards,https://stehlenauto.com/products/2019-2024-silverado-sierra-86-oe-style-running-boards-matte-black,,[bracket RBJZ-BR-SIL19-6P] Title claims 2019-2024 Silverado/Sierra. Confirm bracket spans T1XX (19-21) AND the 2022 fascia/frame refresh.,2019 | 2020 | 2021 | 2022 | 2023 | 2024 | 86 inch running board | aluminum running boards | Chevrolet Silverado running boards | crew cab | DEF tank | diesel compatible | flat mount | GMC Sierra running boards | matte black running boards | OE style running boards | RBJZ-BR-SIL19-6P+RBJZ-86-6-OE-MB | rocker panel mount | running boards | side steps | Sierra 1500 | Sierra 2500 HD | Sierra 3500 HD | Silverado 1500 | Silverado 2500 HD | Silverado 3500 HD
2 - VERIFY HIGH,,YES,truck bed mat - rubber,2018-2024,,,Coverage area,Stehlen Auto,2018-2024-chevy-traverse-hex-style-rubber-trunk-mat-black-1pc,2018-2024 Chevrolet Traverse Rubber Trunk Mat - Hex Style,https://stehlenauto.com/products/2018-2024-chevy-traverse-hex-style-rubber-trunk-mat-black-1pc,,Title indicates trunk/cargo - likely miscategorized (cycle-1 found 11 of these in this collection).,1 piece | 2018 | 2019 | 2020 | 2021 | 2022 | 2023 | 2024 | all weather | black | cargo mat | Chevrolet | custom fit | floor mat | FMR-TRAV18-1P-HB | hex style | rubber mat | Traverse | trunk mat | weather protection
2 - VERIFY HIGH,,,floor mats - rubber,2010-2017,,,Coverage area,Custom Fit Mats,2010-2017-chevy-equinox-hex-style-rubber-trunk-mat-black-1pc,2010-2017 Chevrolet Equinox All-Weather Rubber Trunk Mat - 1PC,https://stehlenauto.com/products/2010-2017-chevy-equinox-hex-style-rubber-trunk-mat-black-1pc,,"Title indicates trunk/cargo/frunk mat - belongs in a cargo-area collection, NOT /collections/floor-mats. Recategorize.",2010 | 2010 2011 2012 2013 2014 2015 2016 2017 | 2011 | 2012 | 2013 | 2014 | 2015 | 2016 | 2017 | all weather | black | cargo liner | cargo mat | Chevrolet | custom fit | Equinox | floor mats | FMR-EQUI10-1P-HB | hex style | rubber mat | trunk mat | weather protection
2 - VERIFY HIGH,,,floor mats - rubber,2013-2019,,,Coverage area,HexStyle,2013-2019-buick-encore-hex-style-rubber-trunk-mat-all-weather,2013-2019 Buick Encore Rubber Trunk Mat All Weather - HexStyle,https://stehlenauto.com/products/2013-2019-buick-encore-hex-style-rubber-trunk-mat-all-weather,,"Title indicates trunk/cargo/frunk mat - belongs in a cargo-area collection, NOT /collections/floor-mats. Recategorize.",2013 | 2013-2019 | 2014 | 2015 | 2016 | 2017 | 2018 | 2019 | all weather | black | Buick | Buick Encore accessories | cargo liner | cargo mat | custom fit | Encore | floor mat | FMR-ENCO13-1P-HB | hex style | rubber mat | trunk liner | trunk mat
2 - VERIFY HIGH,,,floor mats - rubber,2014-2018,,,Coverage area,Custom Fit,2014-2018-bmw-x5-hex-style-all-weather-rubber-trunk-mat-black,2014-2018 BMW X5 Hex Style Rubber Trunk Mat (Black) - Custom Fit,https://stehlenauto.com/products/2014-2018-bmw-x5-hex-style-all-weather-rubber-trunk-mat-black,,"Title indicates trunk/cargo/frunk mat - belongs in a cargo-area collection, NOT /collections/floor-mats. Recategorize.",2014 | 2015 | 2016 | 2017 | 2018 | all weather | black | BMW | BMW X5 accessories | cargo liner | cargo mat | custom fit | FM-002-T | FMR-X514-1P-HB | hex style | rubber mat | trunk liner | trunk mat | X5
2 - VERIFY HIGH,,,floor mats - rubber,2016-2020,,,Coverage area,HB,2016-2020-buick-envision-hex-style-rubber-trunk-mat-black,2016-2020 Buick Envision Rubber Trunk Mat - All Weather HB,https://stehlenauto.com/products/2016-2020-buick-envision-hex-style-rubber-trunk-mat-black,,"Title indicates trunk/cargo/frunk mat - belongs in a cargo-area collection, NOT /collections/floor-mats. Recategorize.",2016 | 2017 | 2018 | 2019 | 2020 | all weather | black | Buick | cargo liner | cargo mat | custom fit | Envision | floor mat | FMR-ENVI16-1P-HB | hex style | rubber trunk mat | trunk liner | trunk mat
2 - VERIFY HIGH,,,floor mats - rubber,2019-2024,,,Coverage area,Custom Fit,2019-2023-audi-q8-hex-style-rubber-trunk-mat-all-weather-black,2019-2024 Audi Q8 Hex Style All Weather Rubber Trunk Mat - Black,https://stehlenauto.com/products/2019-2023-audi-q8-hex-style-rubber-trunk-mat-all-weather-black,,"Title indicates trunk/cargo/frunk mat - belongs in a cargo-area collection, NOT /collections/floor-mats. Recategorize.",2019 | 2020 | 2021 | 2022 | 2023 | 2024 | all weather | Audi | Audi Q8 accessories | black | cargo liner | cargo mat | custom fit | floor mat | FMR-Q819-1P-HB | hex style | Q8 | rubber mat | trunk liner | trunk mat
2 - VERIFY HIGH,,,floor mats - rubber,2020-2024,,,Coverage area,Custom Fit,2020-2024-hyundai-palisade-hex-style-rubber-trunk-mat-black-1pc,2020-2024 Hyundai Palisade Rubber Trunk Mat - Custom Fit,https://stehlenauto.com/products/2020-2024-hyundai-palisade-hex-style-rubber-trunk-mat-black-1pc,,"Title indicates trunk/cargo/frunk mat - belongs in a cargo-area collection, NOT /collections/floor-mats. Recategorize.",2020 | 2020-2024 | 2021 | 2022 | 2023 | 2024 | all weather | black | cargo liner | cargo mat | custom fit | floor mat | FMR-PALI20-1P-HB | hex style | Hyundai Palisade | Palisade accessories | rubber mat | trunk liner | trunk mat
2 - VERIFY HIGH,,,floor mats - rubber,2021-2023,,,Coverage area,HexStyle,2021-toyota-sienna-hex-style-rubber-trunk-mat-all-weather-1pc,2021-2023 Toyota Sienna Custom Fit Rubber Trunk Mat - HexStyle,https://stehlenauto.com/products/2021-toyota-sienna-hex-style-rubber-trunk-mat-all-weather-1pc,,"Title indicates trunk/cargo/frunk mat - belongs in a cargo-area collection, NOT /collections/floor-mats. Recategorize.",2021 | 2021 Sienna | 2022 | 2022 Sienna | 2023 | 2023 Sienna | all weather | black | cargo liner | cargo mat | custom fit | floor mat | FMR-SIEN21OT-1P-HB | hex style | rubber | rubber trunk mat | Toyota Sienna | trunk mat | without spare tire
2 - VERIFY HIGH,,,floor mats - rubber,2021-2023,,,Coverage area,HexStyle,2021-toyota-sienna-trunk-mat-w-spare-tire-hex-style-rubber,2021-2023 Toyota Sienna Trunk Mat With Spare Tire - HexStyle,https://stehlenauto.com/products/2021-toyota-sienna-trunk-mat-w-spare-tire-hex-style-rubber,,"Title indicates trunk/cargo/frunk mat - belongs in a cargo-area collection, NOT /collections/floor-mats. Recategorize.",2021 | 2021 Sienna | 2022 | 2022 Sienna | 2023 | 2023 Sienna | all weather | black | cargo liner | cargo mat | custom fit | floor mat | FMR-SIEN21WT-1P-HB | hex style | rubber mat | Toyota Sienna | trunk liner | trunk mat | with spare tire
2 - VERIFY HIGH,,,floor mats - rubber,2021-2023,,,Coverage area,HexStyle,2022-2023-tesla-model-x-all-weather-hex-rubber-floor-mats-6pc-set,2021-2023 Tesla Model X 5-Seat Floor Mats & Trunk Mats 6PC - HexStyle,https://stehlenauto.com/products/2022-2023-tesla-model-x-all-weather-hex-rubber-floor-mats-6pc-set,,"Title indicates trunk/cargo/frunk mat - belongs in a cargo-area collection, NOT /collections/floor-mats. Recategorize.",2021 | 2021 Tesla Model X | 2022 | 2022 Tesla Model X | 2023 | 2023 Tesla Model X | 5 seat | 6 piece set | all weather floor mats | all weather protection | black floor mats | cargo mats | custom fit floor mats | floor mats | FMR-TMX225S-6P-HB | hex style | rubber floor mats | Tesla accessories | Tesla floor mats | Tesla Model X | trunk mats
2 - VERIFY HIGH,,,floor mats - rubber,2021-2023,,,Coverage area,HexStyle,2022-2023-tesla-model-x-hex-rubber-trunk-mats-3pc-all-weather,2021-2023 Tesla Model X All Weather Rubber Trunk Mats 3PC - HexStyle,https://stehlenauto.com/products/2022-2023-tesla-model-x-hex-rubber-trunk-mats-3pc-all-weather,,"Title indicates trunk/cargo/frunk mat - belongs in a cargo-area collection, NOT /collections/floor-mats. Recategorize.",2021 | 2021 Tesla Model X | 2022 | 2022 Tesla Model X | 2023 | 2023 Tesla Model X | 3rd row up | 6 seater | 7 seater | all weather mats | black | cargo mats | custom fit | EV accessories | floor mats | FMR-TMX223RDU-3P-HB | hex style | Model X | rubber mats | Tesla | trunk liner | trunk mats
2 - VERIFY HIGH,,,floor mats - rubber,2022-2023,,,Coverage area,HexStyle,rivian-r1t-hex-style-all-weather-rubber-front-trunk-mat-black,2022-2023 Rivian R1T R1S Front Trunk Mat All Weather - HexStyle,https://stehlenauto.com/products/rivian-r1t-hex-style-all-weather-rubber-front-trunk-mat-black,,"Title indicates trunk/cargo/frunk mat - belongs in a cargo-area collection, NOT /collections/floor-mats. Recategorize.",2022 | 2023 | all weather mat | cargo mat | custom fit | floor mat | FMR-R1TFT-1P-HB | front trunk mat | frunk liner | frunk mat | hex style | R1S | R1T | Rivian | Rivian accessories | rubber mat
2 - VERIFY HIGH,,,front grille,2013-2022,,REBEL,Grille frame,Aftermarket,2013-2022-ram-1500-honeycomb-rebel-style-front-grille-matte-black,2013-2022 Dodge Ram 1500 Honeycomb Rebel Style Front Grille - Matte Black,https://stehlenauto.com/products/2013-2022-ram-1500-honeycomb-rebel-style-front-grille-matte-black,,"Trim-level fitment (Sport/Lariat/King Ranch/Limited/Platinum) often implies camera/sensor cutouts, body-color vs chrome, or active-shutter compatibility. Confirm trim claims match the OEM grille hole pattern. (trims claimed: REBEL)",2013 | 2013 ram 1500 | 2014 | 2014 ram 1500 | 2015 | 2015 ram 1500 | 2016 | 2016 ram 1500 | 2017 | 2017 ram 1500 | 2018 | 2018 ram 1500 | 2019 | 2019 ram 1500 classic | 2020 | 2020 ram 1500 classic | 2021 | 2021 ram 1500 classic | 2022 | 2022 ram 1500 classic | abs grille | dodge ram | FG-RAM131500-RB-MB | front grille | honeycomb grille | matte black grille | ram 1500 | ram 1500 classic | rebel style grille | replacement grille | truck grille | ZH-RAM1315-MB
2 - VERIFY HIGH,,,front grille,2013-2024,,REBEL,Grille frame,Aftermarket,2013-2024-ram-1500-honeycomb-rebel-style-front-grille-black-abs,2013-2024 Dodge Ram 1500 Honeycomb Rebel Style Front Grille - Black,https://stehlenauto.com/products/2013-2024-ram-1500-honeycomb-rebel-style-front-grille-black-abs,,"Trim-level fitment (Sport/Lariat/King Ranch/Limited/Platinum) often implies camera/sensor cutouts, body-color vs chrome, or active-shutter compatibility. Confirm trim claims match the OEM grille hole pattern. (trims claimed: REBEL)",1500 classic | 2013 | 2014 | 2015 | 2016 | 2017 | 2018 | 2019 | 2020 | 2021 | 2022 | 2023 | 2024 | ABS grille | black grille | dodge ram | dodge ram 1500 | FG-RAM131500-RB-BK | front grille | grille | honeycomb grille | ram 1500 | rebel style | replacement grille | truck grille | ZH-RAM1315-BK
2 - VERIFY HIGH,,,headlights - led crystal style,,,,OEM assembly,Spec-D Tuning,09-14-ford-f-150-black-projector-headlights-sequential-led-fdpu09ds-06,09-14 Ford F-150 Black Projector Headlights Sequential LED - FDPU09DS.06,https://stehlenauto.com/products/09-14-ford-f-150-black-projector-headlights-sequential-led-fdpu09ds-06,,"Per audit: missing factory-LED trim exclusion (Platinum 13+, Limited 18+ has matrix LED). Wrong connector + CAN-bus warnings on the LED trims. Add `trim_excluded` metafield.",2009-2014 | aftermarket headlights | amber | black housing | category:Headlights | F150 | FDPU09DS.06 | Ford F-150 | Ford F150 headlights | Ford headlights | headlights | HLPNB-F15009LSQ-AB | LED headlights | light bar | make:Ford | model:F-150 | projector headlights | sequential LED | truck headlights | turn signal | year:2009 | year:2010 | year:2011 | year:2012 | year:2013 | year:2014
2 - VERIFY HIGH,,,headlights - led crystal style,,,,OEM assembly,Spec-D Tuning,09-14-ford-f-150-chrome-led-projector-headlights-w-amber-light-bar,09-14 Ford F-150 Chrome LED Projector Headlights w/ Amber Light Bar,https://stehlenauto.com/products/09-14-ford-f-150-chrome-led-projector-headlights-w-amber-light-bar,,"Per audit: missing factory-LED trim exclusion (Platinum 13+, Limited 18+ has matrix LED). Wrong connector + CAN-bus warnings on the LED trims. Add `trim_excluded` metafield.",2009-2014 | aftermarket headlights | amber | category:Headlights | chrome headlights | F150 | FDPU09D.00 | Ford F-150 | Ford F150 headlights | headlights | HLPNB-F15009LBW-AC | LED headlights | LED light bar | make:Ford | model:F-150 | projector | projector headlights | replacement headlights | year:2009 | year:2010 | year:2011 | year:2012 | year:2013 | year:2014
2 - VERIFY HIGH,,,headlights - led crystal style,,,,OEM assembly,Anzo,09-14-ford-f-150-chrome-projector-headlights-sequential-led-signal,09-14 Ford F-150 Chrome Projector Headlights Sequential LED Signal,https://stehlenauto.com/products/09-14-ford-f-150-chrome-projector-headlights-sequential-led-signal,,"Per audit: missing factory-LED trim exclusion (Platinum 13+, Limited 18+ has matrix LED). Wrong connector + CAN-bus warnings on the LED trims. Add `trim_excluded` metafield.",2009-2014 | aftermarket headlights | amber turn signal | category:Headlights | chrome headlights | F150 | FDPU09DS.00 | Ford F-150 | Ford truck lighting | headlights | HLPNB-F15009LSQ-AC | LED light bar | make:Ford | model:F-150 | projector headlights | replacement headlights | sequential LED | turn signal | year:2009 | year:2010 | year:2011 | year:2012 | year:2013 | year:2014
2 - VERIFY HIGH,,,headlights - led crystal style,,,,OEM assembly,Spec-D Tuning,09-14-ford-f-150-crystal-led-headlights-sequential-signal-chrome,09-14 Ford F-150 Crystal LED Headlights Sequential Signal - Chrome,https://stehlenauto.com/products/09-14-ford-f-150-crystal-led-headlights-sequential-signal-chrome,,"Per audit: missing factory-LED trim exclusion (Platinum 13+, Limited 18+ has matrix LED). Wrong connector + CAN-bus warnings on the LED trims. Add `trim_excluded` metafield.",2009-2014 | aftermarket headlights | amber turn signal | category:Headlights | chrome headlights | crystal headlights | F150 | FDPU09ES.00 | Ford F-150 | Ford F150 headlights | headlights | HLNB-F15009LSQ-CHA | LED headlights | LED light bar | make:Ford | model:F-150 | replacement headlights | sequential turn signal | year:2009 | year:2010 | year:2011 | year:2012 | year:2013 | year:2014
2 - VERIFY HIGH,,,headlights - led crystal style,,,,OEM assembly,HLPLNB,09-14-ford-f-150-full-led-projector-headlights-black-fdpu09c-00,09-14 Ford F-150 Full LED Projector Headlights Black - FDPU09C.00,https://stehlenauto.com/products/09-14-ford-f-150-full-led-projector-headlights-black-fdpu09c-00,,"Per audit: missing factory-LED trim exclusion (Platinum 13+, Limited 18+ has matrix LED). Wrong connector + CAN-bus warnings on the LED trims. Add `trim_excluded` metafield.",2009-2014 | aftermarket headlights | amber | black housing | category:Headlights | F-150 headlights | F150 | FDPU09C.00 | Ford F-150 | Ford headlights | full LED | headlights | HLPLNB-F15009FLBW-AC | LED headlights | LED light bar | LED projector | make:Ford | model:F-150 | projector headlights | truck headlights | year:2009 | year:2010 | year:2011 | year:2012 | year:2013 | year:2014
2 - VERIFY HIGH,,,headlights - led crystal style,,,,OEM assembly,HLPLNB,09-14-ford-f-150-full-led-projector-headlights-sequential-chrome,09-14 Ford F-150 Full LED Projector Headlights Sequential Chrome,https://stehlenauto.com/products/09-14-ford-f-150-full-led-projector-headlights-sequential-chrome,,"Per audit: missing factory-LED trim exclusion (Platinum 13+, Limited 18+ has matrix LED). Wrong connector + CAN-bus warnings on the LED trims. Add `trim_excluded` metafield.",2009-2014 | amber turn signal | category:Headlights | chrome headlights | F-150 lighting | F150 headlights | FDPU09CS.00 | Ford F-150 | Ford F-150 headlights | full LED | headlights | HLPLNB-F15009FLSQ-AC | LED headlights | LED projector | make:Ford | model:F-150 | projector headlights | sequential turn signal | truck headlights | year:2009 | year:2010 | year:2011 | year:2012 | year:2013 | year:2014
2 - VERIFY HIGH,,,headlights - led crystal style,,,,OEM assembly,Spec-D Tuning,09-14-ford-f-150-full-led-projector-headlights-sequential-signal-black,09-14 Ford F-150 Full LED Projector Headlights Sequential Signal - Black,https://stehlenauto.com/products/09-14-ford-f-150-full-led-projector-headlights-sequential-signal-black,,"Per audit: missing factory-LED trim exclusion (Platinum 13+, Limited 18+ has matrix LED). Wrong connector + CAN-bus warnings on the LED trims. Add `trim_excluded` metafield.",2009-2014 | aftermarket headlights | amber turn signal | black headlights | category:Headlights | F150 | FDPU09CS.06 | Ford F-150 | Ford F150 headlights | full LED | headlights | HLPLNB-F15009FLSQ-AB | LED headlights | LED light bar | make:Ford | model:F-150 | plug and play headlights | projector headlights | sequential turn signal | year:2009 | year:2010 | year:2011 | year:2012 | year:2013 | year:2014
2 - VERIFY HIGH,,,headlights - led crystal style,,,,OEM assembly,HLPLNB,09-14-ford-f-150-full-led-projector-headlights-w-light-bar-black,09-14 Ford F-150 Full LED Projector Headlights w/ Light Bar - Black,https://stehlenauto.com/products/09-14-ford-f-150-full-led-projector-headlights-w-light-bar-black,,"Per audit: missing factory-LED trim exclusion (Platinum 13+, Limited 18+ has matrix LED). Wrong connector + CAN-bus warnings on the LED trims. Add `trim_excluded` metafield.",2009-2014 | aftermarket headlights | amber | black housing | category:Headlights | F150 | FDPU09C.06 | Ford F-150 | Ford F150 headlights | full LED | headlights | HLPLNB-F15009FLBW-AB | LED headlights | LED light bar | LED projector | make:Ford | model:F-150 | projector headlights | truck headlights | year:2009 | year:2010 | year:2011 | year:2012 | year:2013 | year:2014
2 - VERIFY HIGH,,,headlights - led crystal style,,,,OEM assembly,JDMA,09-14-ford-f-150-led-crystal-headlights-black-w-amber-light-bar,09-14 Ford F-150 LED Crystal Headlights Black w/ Amber Light Bar,https://stehlenauto.com/products/09-14-ford-f-150-led-crystal-headlights-black-w-amber-light-bar,,"Per audit: missing factory-LED trim exclusion (Platinum 13+, Limited 18+ has matrix LED). Wrong connector + CAN-bus warnings on the LED trims. Add `trim_excluded` metafield.",2009-2014 | aftermarket headlights | amber | black headlights | bolt-on headlights | category:Headlights | crystal headlights | F150 | FDPU09E.06 | Ford F-150 | Ford F-150 headlights | headlights | HLNB-F15009LBW-JDMA | JDMA | LED headlights | LED light bar | make:Ford | model:F-150 | truck headlights | year:2009 | year:2010 | year:2011 | year:2012 | year:2013 | year:2014
2 - VERIFY HIGH,,,headlights - led crystal style,,,,OEM assembly,Spec-D Tuning,09-14-ford-f-150-led-crystal-headlights-chrome-w-amber-light-bar,09-14 Ford F-150 LED Crystal Headlights Chrome w/ Amber Light Bar,https://stehlenauto.com/products/09-14-ford-f-150-led-crystal-headlights-chrome-w-amber-light-bar,,"Per audit: missing factory-LED trim exclusion (Platinum 13+, Limited 18+ has matrix LED). Wrong connector + CAN-bus warnings on the LED trims. Add `trim_excluded` metafield.",2009-2014 | aftermarket headlights | amber | category:Headlights | chrome headlights | crystal headlights | F150 | FDPU09E.00 | Ford F-150 | Ford F150 headlights | headlights | HLNB-F15009LBW-CHA | LED headlights | LED light bar | make:Ford | model:F-150 | plug and play headlights | year:2009 | year:2010 | year:2011 | year:2012 | year:2013 | year:2014
2 - VERIFY HIGH,,,headlights - led crystal style,,,,OEM assembly,JDMA,09-14-ford-f-150-led-crystal-headlights-sequential-signal-black,09-14 Ford F-150 LED Crystal Headlights Sequential Signal - Black,https://stehlenauto.com/products/09-14-ford-f-150-led-crystal-headlights-sequential-signal-black,,"Per audit: missing factory-LED trim exclusion (Platinum 13+, Limited 18+ has matrix LED). Wrong connector + CAN-bus warnings on the LED trims. Add `trim_excluded` metafield.",2009-2014 | aftermarket headlights | amber LED | black housing | bolt-on headlights | category:Headlights | crystal headlights | F-150 headlights | F150 | FDPU09ES.06 | Ford F-150 | headlights | HLNB-F15009LSQ-JDMA | JDMA | LED headlights | LED turn signal | make:Ford | model:F-150 | sequential turn signal | year:2009 | year:2010 | year:2011 | year:2012 | year:2013 | year:2014
2 - VERIFY HIGH,,,headlights - led crystal style,,,,OEM assembly,Spec-D Tuning,09-14-ford-f-150-led-projector-headlights-black-w-amber-light-bar,09-14 Ford F-150 LED Projector Headlights Black w/ Amber Light Bar,https://stehlenauto.com/products/09-14-ford-f-150-led-projector-headlights-black-w-amber-light-bar,,"Per audit: missing factory-LED trim exclusion (Platinum 13+, Limited 18+ has matrix LED). Wrong connector + CAN-bus warnings on the LED trims. Add `trim_excluded` metafield.",2009-2014 | aftermarket headlights | amber | black headlights | bolt-on headlights | category:Headlights | F150 | FDPU09D.06 | Ford F-150 | Ford F150 headlights | headlights | HLPNB-F15009LBW-AB | LED headlights | LED light bar | make:Ford | model:F-150 | projector beam | projector headlights | year:2009 | year:2010 | year:2011 | year:2012 | year:2013 | year:2014
2 - VERIFY HIGH,,,molle panels - truck bed,2019-2023,,,Bed dimensions,Aftermarket,2023-ford-ranger-6ft-bed-molle-panels-front-sides-3pc-set,2019-2023 Ford Ranger 6 ft Bed MOLLE Panels Front & Sides - 3pc,https://stehlenauto.com/products/2023-ford-ranger-6ft-bed-molle-panels-front-sides-3pc-set,,US Ford Ranger 19-23 only ships with a 5-ft bed - confirm the 6-ft listing is a real fitment.,2019 | 2019 ford ranger | 2020 | 2020 ford ranger | 2021 | 2021 ford ranger | 2022 | 2022 ford ranger | 2023 | 2023 ford ranger | 6 ft bed | 72 inch bed | bed molle | cargo organization | ford ranger | ford ranger bed panels | molle panels | molle system | MP-RANG23-6-3P | pals webbing | ranger accessories | ranger molle | truck accessories | truck bed accessories | truck bed organizer
2 - VERIFY HIGH,,,running boards,2019-2024,Extended Cab,,RBJZ-BR-SIL19-6P,RBJZ,2019-2024-chevy-silverado-gmc-sierra-76-modular-steel-running-boards,2019-2024 Silverado/Sierra Extended Cab Running Boards - Steel,https://stehlenauto.com/products/2019-2024-chevy-silverado-gmc-sierra-76-modular-steel-running-boards,,[bracket RBJZ-BR-SIL19-6P] Title claims 2019-2024 Silverado/Sierra. Confirm bracket spans T1XX (19-21) AND the 2022 fascia/frame refresh.,2019 | 2019-2024 | 2020 | 2021 | 2022 | 2023 | 2024 | Chevrolet Silverado 1500 | Chevrolet Silverado 2500 HD | Chevrolet Silverado 3500 HD | DEF tank compatible | double cab | extended cab | GMC Sierra 1500 | GMC Sierra 2500 HD | GMC Sierra 3500 HD | modular style | RBJZ-BR-SIL19-6P+RBJZ-76-MRB-TB | rocker panel mount | running boards | side steps | steel running boards | texture black | truck accessories
2 - VERIFY HIGH,,,running boards,2019-2024,Double Cab,,RBJZ-BR-SIL19-6P,RBJZ,2019-2024-chevy-silverado-gmc-sierra-76-oe-running-boards-matte-black,2019-2024 Silverado/Sierra Double Cab OE Running Boards - Matte Black,https://stehlenauto.com/products/2019-2024-chevy-silverado-gmc-sierra-76-oe-running-boards-matte-black,,[bracket RBJZ-BR-SIL19-6P] Title claims 2019-2024 Silverado/Sierra. Confirm bracket spans T1XX (19-21) AND the 2022 fascia/frame refresh.,2019 | 2019-2024 | 2020 | 2021 | 2022 | 2023 | 2024 | 76 inch | aluminum | Chevrolet Silverado 1500 | Chevrolet Silverado 2500 HD | Chevrolet Silverado 3500 HD | DEF tank compatible | double cab | extended cab | flat mount | GMC Sierra 1500 | GMC Sierra 2500 HD | GMC Sierra 3500 HD | matte black | OE style | RBJZ-BR-SIL19-6P+RBJZ-76-6-OE-MB | rocker panel mount | running boards | side steps | truck accessories
2 - VERIFY HIGH,,,truck bed mat - rubber,2018-2024,,,Coverage area,Unknown,2018-2024-chevy-equinox-hex-style-rubber-trunk-mat-black-1pc,2018-2024 Chevrolet Equinox All-Weather Rubber Trunk Mat - 1PC,https://stehlenauto.com/products/2018-2024-chevy-equinox-hex-style-rubber-trunk-mat-black-1pc,,Title indicates trunk/cargo - likely miscategorized (cycle-1 found 11 of these in this collection).,2018 | 2018 Chevrolet Equinox | 2019 | 2019 Chevrolet Equinox | 2020 | 2020 Chevrolet Equinox | 2021 | 2021 Chevrolet Equinox | 2022 | 2022 Chevrolet Equinox | 2023 | 2023 Chevrolet Equinox | 2024 | 2024 Chevrolet Equinox | all-weather | black trunk mat | cargo liner | cargo mat | custom fit | Equinox accessories | floor mat | FM-004-T | FMR-EQUI18-1P-HB | hex style | rubber mat | trunk mat
2 - VERIFY HIGH,,,truck bed mat - rubber,2022-2026,,,Coverage area,TBM,2022-ford-f-150-lightning-ev-rubber-bed-mat-2pc-w-frunk-mat,2022-2026 Ford F-150 Lightning 5.5 ft Bed Mat 2PC w/ Frunk Mat,https://stehlenauto.com/products/2022-ford-f-150-lightning-ev-rubber-bed-mat-2pc-w-frunk-mat,,Title indicates trunk/cargo - likely miscategorized (cycle-1 found 11 of these in this collection).,2022 | 2023 | 2024 | 2025 | 2026 | 5.5 ft bed | bed liner | bed mat | bed protection | cargo protection | diamond plate | EV truck accessories | F-150 Lightning | F-150 Lightning accessories | Ford | front trunk mat | frunk mat | rubber bed mat | TBM-F150EV22-2P-RB-GY | truck bed mat
2 - VERIFY HIGH,,,truck bed mat - rubber,2022-2026,,,Coverage area,Rivian R1T Accessories,2022-rivian-r1t-ev-rubber-truck-bed-mat-2pc-w-front-trunk-mat,2022-2026 Rivian R1T 4.5 ft Bed Rubber Bed Mat 2PC w/ Frunk Mat,https://stehlenauto.com/products/2022-rivian-r1t-ev-rubber-truck-bed-mat-2pc-w-front-trunk-mat,,Title indicates trunk/cargo - likely miscategorized (cycle-1 found 11 of these in this collection).,2-piece | 2022 | 2023 | 2024 | 2025 | 2026 | 4.5 ft bed | bed liner | bed mat | bed protection | cargo mat | diamond plate | EV truck accessories | front trunk mat | frunk mat | R1T | Rivian | rubber bed mat | rubber mat | TBM-R1TEV22-2P-RB-GY | truck bed mat
4 - INSPECT,,YES,running boards,2009-2023,Crew Cab,,,Stehlen Auto,09-18-dodge-ram-1500-2500-3500-crew-cab-modular-step-bars-matte-black,2009-2023 Dodge Ram 1500-3500 Crew Cab Modular Side Step Bars - Matte Black,https://stehlenauto.com/products/09-18-dodge-ram-1500-2500-3500-crew-cab-modular-step-bars-matte-black,,No bracket P/N found in tags. Pull the part and inspect physically before any verdict.,2009 | 2009 2010 2011 2012 2013 2014 2015 2016 2017 2018 2019 2020 2021 2022 2023 | 2010 | 2011 | 2012 | 2013 | 2014 | 2015 | 2016 | 2017 | 2018 | 2019 | 2020 | 2021 | 2022 | 2023 | crew cab | Dodge Ram | Dodge Ram 1500 | Dodge Ram 1500 Classic | Dodge Ram 2500 | Dodge Ram 3500 | Dodge Ram 4500 | Dodge Ram 5500 | drop step | EB931-RAM09CC-BK | matte black | modular step bars | nerf bars | running boards | SBMS-RAM09CC-MB | side step bars | truck accessories | truck steps
4 - INSPECT,,YES,running boards,2010-2018,Mega Cab,,,Stehlen Auto,2010-2018-ram-2500-3500-mega-cab-modular-drop-step-bars-matte-black,2010-2018 Dodge Ram 2500/3500 Mega Cab Modular Side Step Bars - Matte Black,https://stehlenauto.com/products/2010-2018-ram-2500-3500-mega-cab-modular-drop-step-bars-matte-black,,No bracket P/N found in tags. Pull the part and inspect physically before any verdict.,2010 | 2011 | 2012 | 2013 | 2014 | 2015 | 2016 | 2017 | 2018 | cab entry | dodge ram | drop step | EB931-RAM15MC-BK | extended crew cab | matte black | mega cab | modular step bars | nerf bars | ram 2500 | ram 3500 | running boards | SBMS-RAM102500MC-MB | side step bars | truck steps
4 - INSPECT,,YES,running boards,2019-2023,Extended Cab,,,Stehlen Auto,2019-2025-chevy-silverado-gmc-sierra-1500-dc-led-step-bars,2019-2023 Chevy Silverado/GMC Sierra 1500 Extended Cab LED Step Bars - Matte Black,https://stehlenauto.com/products/2019-2025-chevy-silverado-gmc-sierra-1500-dc-led-step-bars,,No bracket P/N found in tags. Pull the part and inspect physically before any verdict.,2019 | 2019 Sierra | 2019 Silverado | 2020 | 2020 Sierra | 2020 Silverado | 2021 | 2021 Sierra | 2021 Silverado | 2022 | 2022 Sierra | 2022 Silverado | 2023 | 2023 Sierra | 2023 Silverado | Chevrolet Silverado 1500 | double cab | drop step | extended cab | GMC Sierra 1500 | LED step bars | matte black | modular step bars | nerf bars | running boards | SBMS-SIL191500DC-MB-LED | side step bars | side steps with LED | truck steps
4 - INSPECT,,YES,running boards,2009-2023,Quad Cab,,,Stehlen Auto,dodge-ram-quad-cab-modular-drop-step-bars-w-led-lights-matte-black,2009-2023 Dodge Ram 1500 Quad Cab Modular Step Bars w/ LED - Matte Black,https://stehlenauto.com/products/dodge-ram-quad-cab-modular-drop-step-bars-w-led-lights-matte-black,,No bracket P/N found in tags. Pull the part and inspect physically before any verdict.,2009 | 2009 2010 2011 2012 2013 2014 2015 2016 2017 2018 2019 2020 2021 2022 2023 | 2010 | 2011 | 2012 | 2013 | 2014 | 2015 | 2016 | 2017 | 2018 | 2019 | 2020 | 2021 | 2022 | 2023 | Dodge Ram | drop step | EB988-RAM09QC | extended cab | LED step bars | matte black | modular step bars | nerf bars | quad cab | Ram 1500 | Ram 1500 Classic | running boards | SBMS-RAM09QC-MB-LED | side step bars | side steps with LED | truck steps
4 - INSPECT,,,running boards,2004-2008,Super Cab,,,S&B,04-08-ford-f-150-super-cab-5-oval-side-step-bars-black,"2004-2008 Ford F-150 Super Cab 5"" Oval Side Step Bars - Black",https://stehlenauto.com/products/04-08-ford-f-150-super-cab-5-oval-side-step-bars-black,,No bracket P/N found in tags. Pull the part and inspect physically before any verdict.,2004 | 2004-2008 | 2005 | 2006 | 2007 | 2008 | 5 inch oval | black | Extended Cab | Ford F-150 | Ford F150 side steps | nerf bars | running boards | SBHD-F15004SC-5-BK | side step bars | step bars | Super Cab | truck accessories
4 - INSPECT,,,running boards,,Crew Cab,,,SBMS,07-18-chevy-silverado-gmc-sierra-crew-cab-modular-step-bars-matte-black,07-18 Silverado/Sierra Crew Cab Modular Side Steps - Matte Black,https://stehlenauto.com/products/07-18-chevy-silverado-gmc-sierra-crew-cab-modular-step-bars-matte-black,,No bracket P/N found in tags. Pull the part and inspect physically before any verdict.,2007-2018 | Chevrolet Silverado | crew cab | drop step | GMC Sierra | matte black | modular step | nerf bars | running boards | SBMS-SIL07CC-MB | side step bars | side steps | Sierra 1500 | Sierra 2500 HD | Sierra 3500 HD | Silverado 1500 | Silverado 2500 | Silverado 2500 HD | Silverado 3500 HD | truck accessories
4 - INSPECT,,,running boards,,Extended Cab,,,DERA,07-18-chevy-silverado-gmc-sierra-ext-cab-modular-step-bars-matte-black,07-19 Silverado/Sierra Extended Cab Modular Side Steps - Matte Black,https://stehlenauto.com/products/07-18-chevy-silverado-gmc-sierra-ext-cab-modular-step-bars-matte-black,,No bracket P/N found in tags. Pull the part and inspect physically before any verdict.,2007-2019 | Chevrolet Silverado | double cab | drop step | extended cab | GMC Sierra | matte black | modular step | running boards | SBMS-SIL07XC-MB | side step bars | side steps | Sierra 1500 | Sierra 2500 | Sierra 3500 | Silverado 1500 | Silverado 2500 | Silverado 3500 | truck accessories
4 - INSPECT,,,running boards,2009-2023,Quad Cab,,,Modular Step,09-18-dodge-ram-1500-2500-3500-quad-cab-modular-side-step-bars,2009-2023 Dodge Ram 1500/2500/3500 Quad Cab Side Step Bars - Matte Black,https://stehlenauto.com/products/09-18-dodge-ram-1500-2500-3500-quad-cab-modular-side-step-bars,,No bracket P/N found in tags. Pull the part and inspect physically before any verdict.,2009 | 2009 2010 2011 2012 2013 2014 2015 2016 2017 2018 2019 2020 2021 2022 2023 | 2010 | 2011 | 2012 | 2013 | 2014 | 2015 | 2016 | 2017 | 2018 | 2019 | 2020 | 2021 | 2022 | 2023 | cab entry | dodge ram 1500 | dodge ram 2500 | dodge ram 3500 | drop step | EB931-RAM09QC-BK | extended cab | matte black | modular step | nerf bar | quad cab | ram 1500 classic | running boards | SBMS-RAM09QC-MB | side step bars | truck steps
4 - INSPECT,,,running boards,2004-2008,Super Cab,,,?,2004-2008-ford-f-150-4-oval-nerf-bars-stainless-steel,"2004-2008 Ford F-150 Super Cab 4"" Side Step Nerf Bars - Chrome",https://stehlenauto.com/products/2004-2008-ford-f-150-4-oval-nerf-bars-stainless-steel,,No bracket P/N found in tags. Pull the part and inspect physically before any verdict.,2004 | 2004-2008 | 2005 | 2006 | 2007 | 2008 | 4 inch oval | chrome | Extended Cab | Ford F-150 | nerf bars | running boards | sbhd-f15004sc-4-20-ch | side step bars | side steps | stainless steel | Super Cab | T-304 | truck accessories
4 - INSPECT,,,running boards,2004-2008,Super Cab,,,?,2004-2008-ford-f-150-super-cab-4-oval-side-step-bars-matte-black,"2004-2008 Ford F-150 Super Cab 4"" Oval Side Step Bars - Matte Black",https://stehlenauto.com/products/2004-2008-ford-f-150-super-cab-4-oval-side-step-bars-matte-black,,No bracket P/N found in tags. Pull the part and inspect physically before any verdict.,2004 | 2004-2008 | 2005 | 2006 | 2007 | 2008 | 4 inch oval | cab steps | Extended Cab | F-150 | Ford | matte black | nerf bars | running boards | SBHD-F15004SC-4-MB | side step bars | Super Cab | truck accessories
4 - INSPECT,,,running boards,2004-2024,Crew Cab,,,Side Step Bars,2004-2024-nissan-titan-crew-cab-4-oval-side-step-bars-matte-black,"2004-2024 Nissan Titan Crew Cab 4"" Oval Side Step Bars - Matte Black",https://stehlenauto.com/products/2004-2024-nissan-titan-crew-cab-4-oval-side-step-bars-matte-black,,No bracket P/N found in tags. Pull the part and inspect physically before any verdict.,2004 | 2004-2024 | 2005 | 2006 | 2007 | 2008 | 2009 | 2010 | 2011 | 2012 | 2013 | 2014 | 2015 | 2016 | 2017 | 2018 | 2019 | 2020 | 2021 | 2022 | 2023 | 2024 | 4 inch oval | Crew Cab | matte black | nerf bars | Nissan | running boards | SBHD-TIT04CC-4-MB | side step bars | side steps | Titan | Titan XD | truck accessories
4 - INSPECT,,,running boards,2005-2023,Double Cab,,,Modular Step,2005-2018-toyota-tacoma-double-cab-modular-step-bars-matte-black,2005-2023 Toyota Tacoma Double Cab Modular Side Steps - Matte Black,https://stehlenauto.com/products/2005-2018-toyota-tacoma-double-cab-modular-step-bars-matte-black,,No bracket P/N found in tags. Pull the part and inspect physically before any verdict.,2005 | 2005-2023 | 2006 | 2007 | 2008 | 2009 | 2010 | 2011 | 2012 | 2013 | 2014 | 2015 | 2016 | 2017 | 2018 | 2019 | 2020 | 2021 | 2022 | 2023 | crew cab | double cab | drop step | matte black | modular step | nerf bars | running boards | SBMS-TACO05DC-MB | side step bars | side steps | Tacoma side steps | Toyota accessories | Toyota Tacoma | truck accessories
4 - INSPECT,,,running boards,2005-2021,Crew Cab,,,Viewpoint,2005-2021-nissan-frontier-crew-cab-viewpoint-running-boards-chrome,2005-2021 Nissan Frontier Crew Cab Running Boards - Viewpoint Chrome,https://stehlenauto.com/products/2005-2021-nissan-frontier-crew-cab-viewpoint-running-boards-chrome,,No bracket P/N found in tags. Pull the part and inspect physically before any verdict.,2005 | 2005-2021 | 2006 | 2007 | 2008 | 2009 | 2010 | 2011 | 2012 | 2013 | 2014 | 2015 | 2016 | 2017 | 2018 | 2019 | 2020 | 2021 | aluminum | chrome | crew cab | exterior accessories | Nissan Frontier | PW00937501 | RBWB-FRON05CC-VP-CH | running boards | side steps | stainless steel | Suzuki Equator | truck accessories | viewpoint
4 - INSPECT,,,running boards,2007-2015,,,,Steelcraft,2007-2015-ford-edge-lincoln-mkx-4-side-step-bars-black,"2007-2015 Ford Edge / Lincoln MKX 4"" Side Step Bars - Black",https://stehlenauto.com/products/2007-2015-ford-edge-lincoln-mkx-4-side-step-bars-black,,No bracket P/N found in tags. Pull the part and inspect physically before any verdict.,2007 | 2007-2015 | 2008 | 2009 | 2010 | 2011 | 2012 | 2013 | 2014 | 2015 | 4 inch side steps | black side steps | Ford Edge | Lincoln MKX | nerf bars | P4SB049401A | running boards | SBHD-EDGE07-4-BK | side step bars | SUV accessories
4 - INSPECT,,,running boards,2007-2021,,,,Modular Step,2007-2018-toyota-tundra-crewmax-modular-step-bars-matte-black,2007-2021 Toyota Tundra CrewMax Modular Side Step Bars - Matte Black,https://stehlenauto.com/products/2007-2018-toyota-tundra-crewmax-modular-step-bars-matte-black,,No bracket P/N found in tags. Pull the part and inspect physically before any verdict.,2007 | 2007-2021 | 2008 | 2009 | 2010 | 2011 | 2012 | 2013 | 2014 | 2015 | 2016 | 2017 | 2018 | 2019 | 2020 | 2021 | crew cab | CrewMax | drop step | matte black | modular step | nerf bars | running boards | SBMS-TUN07CC-MB | side bars | side step bars | Toyota Tundra | Toyota Tundra accessories | truck accessories
4 - INSPECT,,,running boards,2007-2021,Double Cab,,,Modular Step,2007-2018-toyota-tundra-double-cab-modular-side-step-bars-matte-black,2007-2021 Toyota Tundra Double Cab Modular Side Steps - Matte Black,https://stehlenauto.com/products/2007-2018-toyota-tundra-double-cab-modular-side-step-bars-matte-black,,No bracket P/N found in tags. Pull the part and inspect physically before any verdict.,2007 | 2007-2021 | 2008 | 2009 | 2010 | 2011 | 2012 | 2013 | 2014 | 2015 | 2016 | 2017 | 2018 | 2019 | 2020 | 2021 | cab entry | drop step | matte black | modular step | nerf bar | running boards | SBMS-TUN07DC-MB | side steps | step bars | Toyota Tundra | truck accessories | Tundra Double Cab | Tundra Extended Cab
4 - INSPECT,,,running boards,2009-2014,Crew Cab,,,HD,2009-2014-ford-f-150-supercrew-4-step-bars-black-sbfd5003-4s,"2009-2014 Ford F-150 Crew Cab 4"" Side Step Bars - Black",https://stehlenauto.com/products/2009-2014-ford-f-150-supercrew-4-step-bars-black-sbfd5003-4s,,No bracket P/N found in tags. Pull the part and inspect physically before any verdict.,2009 | 2009-2014 | 2010 | 2011 | 2012 | 2013 | 2014 | 4 inch | black | Crew Cab | F150 | Ford F-150 | nerf bars | running boards | SBFD5003-4S | SBHD-F15009CC-4-BK | side step bars | side steps | step bars | SuperCrew | truck accessories
4 - INSPECT,,,running boards,2009-2014,SuperCrew,,,Generic,2009-2014-ford-f-150-supercrew-4-step-bars-matte-black,"2009-2014 Ford F-150 SuperCrew 4"" Step Bars - Matte Black",https://stehlenauto.com/products/2009-2014-ford-f-150-supercrew-4-step-bars-matte-black,,No bracket P/N found in tags. Pull the part and inspect physically before any verdict.,2009 | 2009-2014 | 2010 | 2011 | 2012 | 2013 | 2014 | 4 inch step bars | category:Running Boards | crew cab | exterior accessories | F150 | Ford F-150 | Ford F-150 step bars | make:Ford | matte black | model:F-150 | nerf bars | running boards | SBHD-F15009CC-4-MB | side step bars | step bars | SuperCrew | truck accessories | year:2009 | year:2010 | year:2011 | year:2012 | year:2013 | year:2014
4 - INSPECT,,,running boards,2015-2022,Crew Cab,,,Modular Step,2015-2018-chevy-colorado-gmc-canyon-crew-cab-modular-step-bars,2015-2022 Chevrolet Colorado/GMC Canyon Crew Cab Step Bars - Matte Black,https://stehlenauto.com/products/2015-2018-chevy-colorado-gmc-canyon-crew-cab-modular-step-bars,,No bracket P/N found in tags. Pull the part and inspect physically before any verdict.,2015 | 2015-2022 | 2016 | 2017 | 2018 | 2019 | 2020 | 2021 | 2022 | 4-door | Canyon step bars | Chevrolet Colorado | Colorado step bars | crew cab | drop step | GMC Canyon | matte black | modular step bars | nerf bars | running boards | SBMS-COLO15CC-MB | side step bars | side steps | truck steps
4 - INSPECT,,,running boards,2015-2023,Crew Cab,,,Modular Step,2015-2018-ford-f-150-f-250-super-crew-modular-step-bars-matte-black,2015-2023 Ford F-150/Super Duty Crew Cab Modular Side Steps,https://stehlenauto.com/products/2015-2018-ford-f-150-f-250-super-crew-modular-step-bars-matte-black,,No bracket P/N found in tags. Pull the part and inspect physically before any verdict.,2015 | 2015-2023 | 2016 | 2017 | 2018 | 2019 | 2020 | 2021 | 2022 | 2023 | crew cab | drop step | exterior accessories | Ford F-150 | Ford F-250 | Ford F-350 | Ford F-450 | Ford F-550 | matte black | modular step | running boards | SBMS-F15015CC-MB | side step bars | Super Duty | supercrew | truck accessories
4 - INSPECT,,,running boards,2017-2022,Crew Cab,,,SBHD,2017-2022-ford-super-duty-crew-cab-4-side-step-bars-matte-black,"2017-2022 Ford Super Duty Crew Cab 4"" Side Step Bars - Matte Black",https://stehlenauto.com/products/2017-2022-ford-super-duty-crew-cab-4-side-step-bars-matte-black,,No bracket P/N found in tags. Pull the part and inspect physically before any verdict.,2017 | 2018 | 2019 | 2020 | 2021 | 2022 | 4 inch | crew cab | F-250 | F-350 | F-450 | F-550 | Ford | matte black | nerf bars | rocker panel mount | running boards | SBHD-F15015CC-4-20-CH | side step bars | side steps | stainless steel | Super Duty | truck accessories
4 - INSPECT,,,running boards,2017-2022,Crew Cab,,,SBHD,2017-2022-ford-super-duty-crew-cab-5-steel-side-step-bars-black,"2017-2022 Ford Super Duty Crew Cab 5"" Side Step Bars - Black",https://stehlenauto.com/products/2017-2022-ford-super-duty-crew-cab-5-steel-side-step-bars-black,,No bracket P/N found in tags. Pull the part and inspect physically before any verdict.,2017 | 2017-2022 | 2018 | 2019 | 2020 | 2021 | 2022 | 5 inch side steps | black side steps | crew cab | Ford F-250 Super Duty | Ford F-350 Super Duty | Ford F-450 Super Duty | Ford F-550 Super Duty | Ford Super Duty accessories | rocker panel mount | running boards | SBHD-F15015CC-5-BK | side step bars | steel side steps | truck accessories
4 - INSPECT,,,running boards,2019-2022,Crew Cab,,,PW,2019-chevy-silverado-gmc-sierra-crew-cab-rock-sliders-texture-black,2019-2022 Silverado/Sierra 1500 Crew Cab Rock Slider Side Steps,https://stehlenauto.com/products/2019-chevy-silverado-gmc-sierra-crew-cab-rock-sliders-texture-black,,No bracket P/N found in tags. Pull the part and inspect physically before any verdict.,2019 | 2019 2020 2021 2022 | 2020 | 2021 | 2022 | bolt-on | Chevrolet Silverado 1500 | crew cab | GMC Sierra 1500 | off-road | rock sliders | rocker panel protection | running boards | SBRS-SIL19CC-RS2-TB | side step bars | side steps | Sierra 1500 Limited | Silverado 1500 LTD | texture black | truck accessories
4 - INSPECT,,,running boards,2019-2023,Crew Cab,,,Aftermarket,2019-ram-1500-crew-cab-rock-sliders-side-step-bars-texture-black,2019-2023 Dodge Ram 1500 Crew Cab Rock Slider Side Steps - Texture Black,https://stehlenauto.com/products/2019-ram-1500-crew-cab-rock-sliders-side-step-bars-texture-black,,No bracket P/N found in tags. Pull the part and inspect physically before any verdict.,2019 | 2019 ram 1500 | 2020 | 2020 ram 1500 | 2021 | 2021 ram 1500 | 2022 | 2022 ram 1500 | 2023 | 2023 ram 1500 | crew cab | dodge ram | nerf bars | off-road | PW03613301 | ram 1500 | rock slider | rocker panel protection | running boards | SBRS-RAM191500CC-RS2-TB | side step bars | side steps | texture black | truck accessories
4 - INSPECT,,,running boards,2022-2023,Double Cab,,,Ajp Distributors,2022-toyota-tundra-double-cab-rock-sliders-side-steps-texture-black,2022-2023 Toyota Tundra Double Cab Rock Sliders Side Steps - Texture Black,https://stehlenauto.com/products/2022-toyota-tundra-double-cab-rock-sliders-side-steps-texture-black,,No bracket P/N found in tags. Pull the part and inspect physically before any verdict.,2022 | 2022 Tundra | 2023 | 2023 Tundra | bolt-on | Double Cab | Extended Cab | off-road | PW04472101 | rock sliders | rocker panel protection | SBRS-TUN22DC-RS2-TB | side step bars | side steps | texture black | Toyota Tundra | truck accessories
4 - INSPECT,,,running boards - modular steel,2007-2018,,,,Modular Step,2007-2018-jeep-wrangler-jk-4-door-modular-side-step-bars-matte-black,2007-2018 Jeep Wrangler JK 4-Door Modular Side Step Bars - Matte Black,https://stehlenauto.com/products/2007-2018-jeep-wrangler-jk-4-door-modular-side-step-bars-matte-black,,No bracket P/N found in tags. Pull the part and inspect physically before any verdict.,2007 | 2007-2018 | 2008 | 2009 | 2010 | 2011 | 2012 | 2013 | 2014 | 2015 | 2016 | 2017 | 2018 | 4 door | drop step bars | jeep accessories | jeep wrangler | jeep wrangler jk | jk wrangler | matte black | modular step | nerf bars | off-road | running boards | SBMS-WRAN074D-MB | side step bars | side steps | unlimited | wrangler accessories