audit_verdict,stehlen_branded,bracket_pn,year_range_claimed,cabs_claimed,vendor,handle,title,live_url,verification_note,raw_tags
HARD HOLD - audit flagged,YES,RBJZ-BR-RAM09-6P,2009-2022,Extended Cab,Stehlen Auto,2009-2022-ram-1500-76-oe-style-running-boards-matte-black,2009-2022 Dodge Ram 1500 Quad/Extended Cab OE Running Boards Matte Black,https://stehlenauto.com/products/2009-2022-ram-1500-76-oe-style-running-boards-matte-black,Spans 2009-2022 in title; warehouse must confirm bracket fits BOTH the DS chassis (09-18) AND the DT Classic (19-22). DT new-body (19+) must be EXCLUDED.,2009 | 2009 Ram 1500 | 2010 | 2010 Ram 1500 | 2011 | 2011 Ram 1500 | 2012 | 2012 Ram 1500 | 2013 | 2013 Ram 1500 | 2014 | 2014 Ram 1500 | 2015 | 2015 Ram 1500 | 2016 | 2016 Ram 1500 | 2017 | 2017 Ram 1500 | 2018 | 2018 Ram 1500 | 2019 | 2019 Ram 1500 Classic | 2020 | 2020 Ram 1500 Classic | 2021 | 2021 Ram 1500 Classic | 2022 | 2022 Ram 1500 Classic | 76 inch running boards | aluminum running boards | Dodge Ram 1500 | extended cab running boards | flat mount running boards | matte black running boards | nerf bars | OE style running boards | quad cab running boards | Ram 1500 Classic | RBJZ-BR-RAM09-6P+RBJZ-76-6-OE-MB | running boards | side steps | truck accessories | truck steps
HARD HOLD - audit flagged,,RBJZ-BR-F15015-6P,2015-2023,Crew Cab,RBJZ,2015-2023-ford-f-150-super-duty-86-aluminum-running-boards-matte-black,2015-2023 Ford F-150/Super Duty Crew Cab 86 inch Aluminum Running Boards - Matte Black,https://stehlenauto.com/products/2015-2023-ford-f-150-super-duty-86-aluminum-running-boards-matte-black,Title claims 2015-2023 F-150/Super Duty. Warehouse must confirm bracket fits BOTH P552 (15-20) AND P702 (21+) — different frame mounts. 2023 Super Duty also redesigned.,2015 | 2015-2023 | 2016 | 2017 | 2018 | 2019 | 2020 | 2021 | 2022 | 2023 | aluminum | crew cab | flat mount | Ford F-150 | Ford F-250 | Ford F-350 | Ford F-450 | Ford F-550 | matte black | RBJZ | RBJZ-BR-F15015-6P+RBJZ-86-5-TI-MB | running boards | side steps | Super Duty | supercrew | TI style | truck accessories
HARD HOLD - audit flagged,,RBJZ-BR-F15015-6P,2015-2023,Crew Cab,RBJZ,2015-2023-ford-f-150-super-duty-86-oe-style-running-boards-matte-black,2015-2023 Ford F-150/Super Duty Crew Cab 86 inch OE Style Running Boards - Matte Black,https://stehlenauto.com/products/2015-2023-ford-f-150-super-duty-86-oe-style-running-boards-matte-black,Title claims 2015-2023 F-150/Super Duty. Warehouse must confirm bracket fits BOTH P552 (15-20) AND P702 (21+) — different frame mounts. 2023 Super Duty also redesigned.,2015 | 2015-2023 | 2016 | 2017 | 2018 | 2019 | 2020 | 2021 | 2022 | 2023 | aluminum | crew cab | exterior accessories | flat mount | Ford F-150 | Ford F-250 | Ford F-350 | Ford F-450 | Ford F-550 | matte black | OE style | RBJZ-BR-F15015-6P+RBJZ-86-6-OE-MB | running boards | side steps | Super Duty | supercrew | truck accessories
HARD HOLD - audit flagged,,RBJZ-BR-F15015-6P,2015-2023,Crew Cab,RBJZ,2015-2023-ford-f-150-super-duty-86-oe-style-running-boards-silver,2015-2023 Ford F-150/Super Duty Crew Cab OE Running Boards - Silver,https://stehlenauto.com/products/2015-2023-ford-f-150-super-duty-86-oe-style-running-boards-silver,Title claims 2015-2023 F-150/Super Duty. Warehouse must confirm bracket fits BOTH P552 (15-20) AND P702 (21+) — different frame mounts. 2023 Super Duty also redesigned.,2015 | 2015-2023 | 2016 | 2017 | 2018 | 2019 | 2020 | 2021 | 2022 | 2023 | aluminum | crew cab | exterior accessories | flat mount | Ford F-150 | Ford F-250 | Ford F-350 | Ford F-450 | Ford F-550 | OE style | RBJZ-BR-F15015-6P+RBJZ-86-6-OE-SL | running boards | side steps | silver | Super Duty | supercrew | truck accessories
HARD HOLD - audit flagged,,RBJZ-BR-RAM09-6P,2009-2022,Crew Cab,RBJZ,09-22-dodge-ram-1500-5500-crew-cab-86-aluminum-running-boards,2009-2022 Dodge Ram 1500-5500 Crew Cab Running Boards - TI Style Matte Black,https://stehlenauto.com/products/09-22-dodge-ram-1500-5500-crew-cab-86-aluminum-running-boards,Spans 2009-2022 in title; warehouse must confirm bracket fits BOTH the DS chassis (09-18) AND the DT Classic (19-22). DT new-body (19+) must be EXCLUDED.,2009 | 2009 2010 2011 2012 2013 2014 2015 2016 2017 2018 2019 2020 2021 2022 | 2010 | 2011 | 2012 | 2013 | 2014 | 2015 | 2016 | 2017 | 2018 | 2019 | 2020 | 2021 | 2022 | 86 inch | aluminum running boards | cab entry | combo kit | crew cab | dodge ram | dodge ram running boards | flat mount | matte black | nerf bars | ram 1500 | ram 2500 | ram 3500 | ram 4500 | ram 5500 | RBJZ brackets | RBJZ-BR-RAM09-6P+RBJZ-86-5-TI-MB | running boards | side steps | TI style | truck steps
HARD HOLD - audit flagged,,RBJZ-BR-RAM09-6P,2009-2022,Crew Cab,RBJZ,09-22-dodge-ram-1500-5500-crew-cab-oe-style-running-boards,2009-2022 Dodge Ram 1500-5500 Crew Cab OE Running Boards - Matte Black,https://stehlenauto.com/products/09-22-dodge-ram-1500-5500-crew-cab-oe-style-running-boards,Spans 2009-2022 in title; warehouse must confirm bracket fits BOTH the DS chassis (09-18) AND the DT Classic (19-22). DT new-body (19+) must be EXCLUDED.,1500 Classic | 2009 | 2009 2010 2011 2012 2013 2014 2015 2016 2017 2018 2019 2020 2021 2022 | 2010 | 2011 | 2012 | 2013 | 2014 | 2015 | 2016 | 2017 | 2018 | 2019 | 2020 | 2021 | 2022 | 86 inch | aluminum | combo kit | crew cab | Dodge Ram | flat mount | matte black | mount brackets | nerf bars | OE style | Ram 1500 | Ram 2500 | Ram 3500 | Ram 4500 | Ram 5500 | RBJZ | RBJZ-BR-RAM09-6P+RBJZ-86-6-OE-MB | running boards | side steps
HARD HOLD - audit flagged,,RBJZ-BR-RAM09-6P,2009-2022,Crew Cab,RBJZ,09-22-dodge-ram-1500-5500-crew-cab-oe-style-running-boards-silver,2009-2022 Dodge Ram 1500-5500 Crew Cab OE Running Boards Silver,https://stehlenauto.com/products/09-22-dodge-ram-1500-5500-crew-cab-oe-style-running-boards-silver,Spans 2009-2022 in title; warehouse must confirm bracket fits BOTH the DS chassis (09-18) AND the DT Classic (19-22). DT new-body (19+) must be EXCLUDED.,2009 | 2009 2010 2011 2012 2013 2014 2015 2016 2017 2018 2019 2020 2021 2022 | 2010 | 2011 | 2012 | 2013 | 2014 | 2015 | 2016 | 2017 | 2018 | 2019 | 2020 | 2021 | 2022 | 4-door | 86 inch running board | aluminum running boards | bracket kit | combo kit | crew cab | Dodge Ram 1500 | Dodge Ram 1500 Classic | Dodge Ram 2500 | Dodge Ram 3500 | Dodge Ram 4500 | Dodge Ram 5500 | Dodge Ram running boards | flat mount | nerf bars | OE style running boards | RBJZ-BR-RAM09-6P+RBJZ-86-6-OE-SL | running boards | side steps | silver running boards
HARD HOLD - audit flagged,,RBJZ-BR-RAM09-6P,2009-2022,Extended Cab,RBJZ,2009-2022-ram-1500-5-aluminum-running-boards-matte-black-rbjz,2009-2022 Dodge Ram 1500 Quad/Extended Cab Running Boards Matte Black,https://stehlenauto.com/products/2009-2022-ram-1500-5-aluminum-running-boards-matte-black-rbjz,Spans 2009-2022 in title; warehouse must confirm bracket fits BOTH the DS chassis (09-18) AND the DT Classic (19-22). DT new-body (19+) must be EXCLUDED.,2009 | 2009 2010 2011 2012 2013 2014 2015 2016 2017 2018 2019 2020 2021 2022 | 2010 | 2011 | 2012 | 2013 | 2014 | 2015 | 2016 | 2017 | 2018 | 2019 | 2020 | 2021 | 2022 | aluminum running boards | Dodge Ram | Dodge Ram 1500 | extended cab | flat mount running boards | matte black | nerf bars | quad cab | Ram 1500 Classic | RBJZ-BR-RAM09-6P+RBJZ-76-5-TI-MB | running boards | side steps | TI style | truck steps
HARD HOLD - audit flagged,,RBJZ-BR-RAM09-6P,2009-2022,Extended Cab,RBJZ,2009-2022-ram-1500-6-oe-style-aluminum-running-boards-polish,2009-2022 Dodge Ram 1500 Quad/Extended Cab Running Boards - Polished Aluminum OE Style,https://stehlenauto.com/products/2009-2022-ram-1500-6-oe-style-aluminum-running-boards-polish,Spans 2009-2022 in title; warehouse must confirm bracket fits BOTH the DS chassis (09-18) AND the DT Classic (19-22). DT new-body (19+) must be EXCLUDED.,2009 | 2009 2010 2011 2012 2013 2014 2015 2016 2017 2018 2019 2020 2021 2022 | 2010 | 2011 | 2012 | 2013 | 2014 | 2015 | 2016 | 2017 | 2018 | 2019 | 2020 | 2021 | 2022 | 6 inch running boards | 76 inch running boards | combo kit | Dodge Ram running boards | Extended Cab running boards | flat mount running boards | nerf bars | OE style running boards | polished aluminum running boards | Quad Cab running boards | Ram 1500 Classic running boards | Ram 1500 running boards | RBJZ brackets | RBJZ-BR-RAM09-6P+RBJZ-76-6-OE-SL | running boards | side steps
HARD HOLD - audit flagged,,RBJZ-BR-TACO05-6P,2005-2022,,RBJZ,2005-2022-toyota-tacoma-5-aluminum-running-boards-matte-black,"2005-2022 Toyota Tacoma Access Cab 5"" Running Boards - RBJZ",https://stehlenauto.com/products/2005-2022-toyota-tacoma-5-aluminum-running-boards-matte-black,Title claims 2005-2022 Tacoma. Warehouse must confirm bracket fits BOTH 2nd gen (05-15) AND 3rd gen (16-23) — different frame holes.,2005 | 2005-2022 | 2006 | 2007 | 2008 | 2009 | 2010 | 2011 | 2012 | 2013 | 2014 | 2015 | 2016 | 2017 | 2018 | 2019 | 2020 | 2021 | 2022 | 5 inch | Access Cab | aluminum | bolt-on | Extended Cab | flat mount | matte black | nerf bars | RBJZ | RBJZ-BR-TACO05-6P+RBJZ-76-5-TI-MB | running boards | side steps | step bars | TI style | Toyota Tacoma | truck accessories
HARD HOLD - audit flagged,,RBJZ-BR-TACO05-6P,2005-2022,,RBJZ,2005-2022-toyota-tacoma-6-oe-style-running-boards-polished,"2005-2022 Toyota Tacoma Access Cab 6"" Running Boards - Polish",https://stehlenauto.com/products/2005-2022-toyota-tacoma-6-oe-style-running-boards-polished,Title claims 2005-2022 Tacoma. Warehouse must confirm bracket fits BOTH 2nd gen (05-15) AND 3rd gen (16-23) — different frame holes.,2005 | 2005-2022 | 2006 | 2007 | 2008 | 2009 | 2010 | 2011 | 2012 | 2013 | 2014 | 2015 | 2016 | 2017 | 2018 | 2019 | 2020 | 2021 | 2022 | 6 inch | 76 inch | Access Cab | aluminum running boards | Extended Cab | flat mount | OE style | polished aluminum | RBJZ-BR-TACO05-6P+RBJZ-76-6-OE-SL | running boards | side steps | Tacoma running boards | Toyota Tacoma | truck accessories
HARD HOLD - audit flagged,,RBJZ-BR-TACO05-6P,2005-2022,Crew Cab,RBJZ,2005-2022-toyota-tacoma-86-aluminum-running-boards-matte-black,2005-2022 Toyota Tacoma Crew Cab Running Boards - RBJZ,https://stehlenauto.com/products/2005-2022-toyota-tacoma-86-aluminum-running-boards-matte-black,Title claims 2005-2022 Tacoma. Warehouse must confirm bracket fits BOTH 2nd gen (05-15) AND 3rd gen (16-23) — different frame holes.,2005 | 2005-2022 | 2006 | 2007 | 2008 | 2009 | 2010 | 2011 | 2012 | 2013 | 2014 | 2015 | 2016 | 2017 | 2018 | 2019 | 2020 | 2021 | 2022 | aluminum | bolt-on | crew cab | double cab | flat mount | matte black | RBJZ | RBJZ-BR-TACO05-6P+RBJZ-86-5-TI-MB | running boards | side steps | TI style | Toyota Tacoma | truck accessories
HARD HOLD - audit flagged,,RBJZ-BR-TACO05-6P,2005-2022,,RBJZ,2005-2022-toyota-tacoma-access-cab-oe-style-running-boards-matte-black,2005-2022 Toyota Tacoma Access Cab OE Style Running Boards - RBJZ,https://stehlenauto.com/products/2005-2022-toyota-tacoma-access-cab-oe-style-running-boards-matte-black,Title claims 2005-2022 Tacoma. Warehouse must confirm bracket fits BOTH 2nd gen (05-15) AND 3rd gen (16-23) — different frame holes.,2005 | 2005-2022 | 2006 | 2007 | 2008 | 2009 | 2010 | 2011 | 2012 | 2013 | 2014 | 2015 | 2016 | 2017 | 2018 | 2019 | 2020 | 2021 | 2022 | access cab | aluminum | extended cab | flat mount | matte black | OE style | RBJZ | RBJZ-BR-TACO05-6P+RBJZ-76-6-OE-MB | running boards | side steps | Tacoma running boards | Toyota Tacoma | truck accessories
HARD HOLD - audit flagged,,RBJZ-BR-TACO05-6P,2005-2022,Crew Cab,RBJZ,2005-2022-toyota-tacoma-oe-style-aluminum-running-boards-silver,2005-2022 Toyota Tacoma Crew Cab OE Style Running Boards - Silver,https://stehlenauto.com/products/2005-2022-toyota-tacoma-oe-style-aluminum-running-boards-silver,Title claims 2005-2022 Tacoma. Warehouse must confirm bracket fits BOTH 2nd gen (05-15) AND 3rd gen (16-23) — different frame holes.,2005 | 2005-2022 | 2006 | 2007 | 2008 | 2009 | 2010 | 2011 | 2012 | 2013 | 2014 | 2015 | 2016 | 2017 | 2018 | 2019 | 2020 | 2021 | 2022 | aluminum | crew cab | double cab | exterior accessories | flat mount | OE style | RBJZ | RBJZ-BR-TACO05-6P+RBJZ-86-6-OE-SL | running boards | side steps | silver | step bars | Toyota Tacoma | truck accessories
HARD HOLD - audit flagged,,RBJZ-BR-TACO05-6P,2005-2022,Crew Cab,RBJZ,2005-2022-toyota-tacoma-oe-style-running-boards-matte-black,2005-2022 Toyota Tacoma Crew Cab OE Style Running Boards - RBJZ,https://stehlenauto.com/products/2005-2022-toyota-tacoma-oe-style-running-boards-matte-black,Title claims 2005-2022 Tacoma. Warehouse must confirm bracket fits BOTH 2nd gen (05-15) AND 3rd gen (16-23) — different frame holes.,2005 | 2005-2022 | 2006 | 2007 | 2008 | 2009 | 2010 | 2011 | 2012 | 2013 | 2014 | 2015 | 2016 | 2017 | 2018 | 2019 | 2020 | 2021 | 2022 | aluminum | bolt-on | crew cab | double cab | exterior accessories | flat mount | matte black | OE style | RBJZ-BR-TACO05-6P+RBJZ-86-6-OE-MB | running boards | side steps | Toyota Tacoma | truck accessories
Verify - new-body specific,YES,RBJZ-BR-RAM191500-6P,2019-2024,Extended Cab,Stehlen Auto,2019-2024-ram-1500-76-oe-style-aluminum-running-boards-matte-black,2019-2024 Dodge Ram 1500 Extended Cab OE Running Boards - Matte Black,https://stehlenauto.com/products/2019-2024-ram-1500-76-oe-style-aluminum-running-boards-matte-black,"Title claims 2019-2024 Ram 1500 — confirm bracket is sized for the DT new-body chassis ONLY, not DS or DT Classic.",2019 | 2019 Ram 1500 | 2020 | 2020 Ram 1500 | 2021 | 2021 Ram 1500 | 2022 | 2022 Ram 1500 | 2023 | 2023 Ram 1500 | 2024 | 2024 Ram 1500 | aluminum running boards | combo kit | Dodge Ram 1500 | extended cab | flat mount | matte black | nerf bars | OE style | quad cab | Ram 1500 | RBJZ-BR-RAM191500-6P+RBJZ-76-6-OE-MB | running boards | side steps | truck running boards
Verify - new-body specific,YES,RBJZ-BR-RAM191500-6P,2019-2024,Crew Cab,Stehlen Auto,2019-2024-ram-1500-86-oe-style-aluminum-running-boards-matte-black,2019-2024 Dodge Ram 1500 Crew Cab OE Running Boards - Matte Black,https://stehlenauto.com/products/2019-2024-ram-1500-86-oe-style-aluminum-running-boards-matte-black,"Title claims 2019-2024 Ram 1500 — confirm bracket is sized for the DT new-body chassis ONLY, not DS or DT Classic.",2019 | 2019 ram 1500 | 2020 | 2020 ram 1500 | 2021 | 2021 ram 1500 | 2022 | 2022 ram 1500 | 2023 | 2023 ram 1500 | 2024 | 2024 ram 1500 | 86 inch running board | aluminum running boards | crew cab | dodge ram 1500 | dodge ram accessories | flat mount | matte black | nerf bars | new body style | OE style | ram 1500 | RBJZ-BR-RAM191500-6P+RBJZ-86-6-OE-MB | running boards | side steps | truck running boards
Verify - new-body specific,YES,RBJZ-BR-RAM191500-6P,2019-2024,Crew Cab,Stehlen Auto,2019-2024-ram-1500-modular-steel-running-boards-texture-black,"2019-2024 Dodge Ram 1500 Crew Cab Running Boards 86"" Modular Steel",https://stehlenauto.com/products/2019-2024-ram-1500-modular-steel-running-boards-texture-black,"Title claims 2019-2024 Ram 1500 — confirm bracket is sized for the DT new-body chassis ONLY, not DS or DT Classic.",2019 | 2019 ram 1500 | 2020 | 2020 ram 1500 | 2021 | 2021 ram 1500 | 2022 | 2022 ram 1500 | 2023 | 2023 ram 1500 | 2024 | 2024 ram 1500 | 86 inch running board | crew cab | dodge ram | modular running boards | nerf bars | new body style | ram 1500 | ram 1500 accessories | RBJZ-BR-RAM191500-6P+RBJZ-86-MRB-TB | running board brackets | running boards | side steps | steel running boards | texture black | truck running boards
Verify - new-body specific,YES,RBJZ-BR-RAM191500-6P,2019-2024,Extended Cab,Stehlen Auto,2019-2024-ram-1500-quad-cab-76-modular-steel-running-boards,2019-2024 Dodge Ram 1500 Extended Cab Running Boards Steel Modular,https://stehlenauto.com/products/2019-2024-ram-1500-quad-cab-76-modular-steel-running-boards,"Title claims 2019-2024 Ram 1500 — confirm bracket is sized for the DT new-body chassis ONLY, not DS or DT Classic.",2019 | 2020 | 2021 | 2022 | 2023 | 2024 | 76 inch running boards | combo kit | dodge ram 1500 | extended cab | modular running boards | nerf bars | quad cab | ram 1500 | RBJZ-BR-RAM191500-6P+RBJZ-76-MRB-TB | running boards | side steps | steel running boards | texture black | truck running boards
Verify,YES,RBJZ-BR-SIL19-6P,2019-2024,Crew Cab,Stehlen Auto,2019-2024-chevy-silverado-gmc-sierra-86-modular-running-boards,2019-2024 Chevrolet/GMC Silverado Sierra Crew Cab Running Boards,https://stehlenauto.com/products/2019-2024-chevy-silverado-gmc-sierra-86-modular-running-boards,Title claims 2019-2024 Silverado/Sierra. Confirm bracket spans T1XX (19-21) AND the 2022 fascia/frame refresh.,2019 | 2019 Chevrolet Silverado | 2019 GMC Sierra | 2020 | 2020 Chevrolet Silverado | 2020 GMC Sierra | 2021 | 2021 Chevrolet Silverado | 2021 GMC Sierra | 2022 | 2022 Chevrolet Silverado | 2022 GMC Sierra | 2023 | 2023 Chevrolet Silverado | 2023 GMC Sierra | 2024 | 2024 Chevrolet Silverado | 2024 GMC Sierra | 86 inch running board | crew cab | diesel DEF tank | modular running boards | nerf bar | RBJZ-BR-SIL19-6P+RBJZ-86-MRB-TB | rocker panel mount | running boards | side steps | Sierra 1500 | Sierra 2500 HD | Sierra 3500 HD | Silverado 1500 | Silverado 2500 HD | Silverado 3500 HD | steel running boards | texture black | truck accessories | truck step
Verify,YES,RBJZ-BR-SIL19-6P,2019-2024,Crew Cab,Stehlen Auto,2019-2024-silverado-sierra-86-oe-style-running-boards-matte-black,2019-2024 Chevrolet/GMC Silverado Sierra Crew Cab OE Running Boards,https://stehlenauto.com/products/2019-2024-silverado-sierra-86-oe-style-running-boards-matte-black,Title claims 2019-2024 Silverado/Sierra. Confirm bracket spans T1XX (19-21) AND the 2022 fascia/frame refresh.,2019 | 2020 | 2021 | 2022 | 2023 | 2024 | 86 inch running board | aluminum running boards | Chevrolet Silverado running boards | crew cab | DEF tank | diesel compatible | flat mount | GMC Sierra running boards | matte black running boards | OE style running boards | RBJZ-BR-SIL19-6P+RBJZ-86-6-OE-MB | rocker panel mount | running boards | side steps | Sierra 1500 | Sierra 2500 HD | Sierra 3500 HD | Silverado 1500 | Silverado 2500 HD | Silverado 3500 HD
INSPECT - no bracket P/N,YES,,2009-2023,Crew Cab,Stehlen Auto,09-18-dodge-ram-1500-2500-3500-crew-cab-modular-step-bars-matte-black,2009-2023 Dodge Ram 1500-3500 Crew Cab Modular Side Step Bars - Matte Black,https://stehlenauto.com/products/09-18-dodge-ram-1500-2500-3500-crew-cab-modular-step-bars-matte-black,Bracket P/N not found in tags - inspect product manually.,2009 | 2009 2010 2011 2012 2013 2014 2015 2016 2017 2018 2019 2020 2021 2022 2023 | 2010 | 2011 | 2012 | 2013 | 2014 | 2015 | 2016 | 2017 | 2018 | 2019 | 2020 | 2021 | 2022 | 2023 | crew cab | Dodge Ram | Dodge Ram 1500 | Dodge Ram 1500 Classic | Dodge Ram 2500 | Dodge Ram 3500 | Dodge Ram 4500 | Dodge Ram 5500 | drop step | EB931-RAM09CC-BK | matte black | modular step bars | nerf bars | running boards | SBMS-RAM09CC-MB | side step bars | truck accessories | truck steps
INSPECT - no bracket P/N,YES,,2010-2018,,Stehlen Auto,2010-2018-ram-2500-3500-mega-cab-modular-drop-step-bars-matte-black,2010-2018 Dodge Ram 2500/3500 Mega Cab Modular Side Step Bars - Matte Black,https://stehlenauto.com/products/2010-2018-ram-2500-3500-mega-cab-modular-drop-step-bars-matte-black,Bracket P/N not found in tags - inspect product manually.,2010 | 2011 | 2012 | 2013 | 2014 | 2015 | 2016 | 2017 | 2018 | cab entry | dodge ram | drop step | EB931-RAM15MC-BK | extended crew cab | matte black | mega cab | modular step bars | nerf bars | ram 2500 | ram 3500 | running boards | SBMS-RAM102500MC-MB | side step bars | truck steps
INSPECT - no bracket P/N,YES,,2019-2023,Extended Cab,Stehlen Auto,2019-2025-chevy-silverado-gmc-sierra-1500-dc-led-step-bars,2019-2023 Chevy Silverado/GMC Sierra 1500 Extended Cab LED Step Bars - Matte Black,https://stehlenauto.com/products/2019-2025-chevy-silverado-gmc-sierra-1500-dc-led-step-bars,Bracket P/N not found in tags - inspect product manually.,2019 | 2019 Sierra | 2019 Silverado | 2020 | 2020 Sierra | 2020 Silverado | 2021 | 2021 Sierra | 2021 Silverado | 2022 | 2022 Sierra | 2022 Silverado | 2023 | 2023 Sierra | 2023 Silverado | Chevrolet Silverado 1500 | double cab | drop step | extended cab | GMC Sierra 1500 | LED step bars | matte black | modular step bars | nerf bars | running boards | SBMS-SIL191500DC-MB-LED | side step bars | side steps with LED | truck steps
INSPECT - no bracket P/N,YES,,2009-2023,Quad Cab,Stehlen Auto,dodge-ram-quad-cab-modular-drop-step-bars-w-led-lights-matte-black,2009-2023 Dodge Ram 1500 Quad Cab Modular Step Bars w/ LED - Matte Black,https://stehlenauto.com/products/dodge-ram-quad-cab-modular-drop-step-bars-w-led-lights-matte-black,Bracket P/N not found in tags - inspect product manually.,2009 | 2009 2010 2011 2012 2013 2014 2015 2016 2017 2018 2019 2020 2021 2022 2023 | 2010 | 2011 | 2012 | 2013 | 2014 | 2015 | 2016 | 2017 | 2018 | 2019 | 2020 | 2021 | 2022 | 2023 | Dodge Ram | drop step | EB988-RAM09QC | extended cab | LED step bars | matte black | modular step bars | nerf bars | quad cab | Ram 1500 | Ram 1500 Classic | running boards | SBMS-RAM09QC-MB-LED | side step bars | side steps with LED | truck steps
Verify,,RBJZ-BR-COLO15-6P,2015-2022,Crew Cab,Modular Running Boards,2015-2025-chevy-colorado-82-modular-steel-running-boards-black,2015-2022 Chevrolet Colorado & GMC Canyon Crew Cab Running Boards - Modular Steel,https://stehlenauto.com/products/2015-2025-chevy-colorado-82-modular-steel-running-boards-black,Title claims 2015-2022 Colorado/Canyon. Confirm bracket fits the entire 2nd gen run.,2015 | 2015 Canyon | 2015 Colorado | 2016 | 2016 Canyon | 2016 Colorado | 2017 | 2017 Canyon | 2017 Colorado | 2018 | 2018 Canyon | 2018 Colorado | 2019 | 2019 Canyon | 2019 Colorado | 2020 | 2020 Canyon | 2020 Colorado | 2021 | 2021 Canyon | 2021 Colorado | 2022 | 2022 Canyon | 2022 Colorado | 4-door | 82 inch running boards | Chevrolet Colorado | combo kit | crew cab | GMC Canyon | modular running boards | nerf bars | RBJZ-BR-COLO15-6P+RBJZ-82-MRB-TB | running board brackets | running boards | side steps | steel running boards | texture black | truck steps
Verify,,RBJZ-BR-RANG19-6P,2019-2023,Crew Cab,RBJZ,2019-2024-ford-ranger-crew-cab-82-modular-steel-running-boards,2019-2023 Ford Ranger Crew Cab Running Boards - Modular Steel,https://stehlenauto.com/products/2019-2024-ford-ranger-crew-cab-82-modular-steel-running-boards,Title claims 2019-2023 Ranger Crew Cab. Confirm bracket is 5-ft-bed-only (US Ranger has no 6-ft bed).,2019 | 2019 Ranger | 2020 | 2020 Ranger | 2021 | 2021 Ranger | 2022 | 2022 Ranger | 2023 | 2023 Ranger | crew cab | Ford accessories | Ford Ranger | modular running boards | RBJZ-BR-RANG19-6P+RBJZ-82-MRB-TB | running boards | side steps | steel running boards | supercrew | texture black | truck accessories
Verify,,RBJZ-BR-SIL19-6P,2019-2024,Extended Cab,RBJZ,2019-2024-chevy-silverado-gmc-sierra-76-modular-steel-running-boards,2019-2024 Silverado/Sierra Extended Cab Running Boards - Steel,https://stehlenauto.com/products/2019-2024-chevy-silverado-gmc-sierra-76-modular-steel-running-boards,Title claims 2019-2024 Silverado/Sierra. Confirm bracket spans T1XX (19-21) AND the 2022 fascia/frame refresh.,2019 | 2019-2024 | 2020 | 2021 | 2022 | 2023 | 2024 | Chevrolet Silverado 1500 | Chevrolet Silverado 2500 HD | Chevrolet Silverado 3500 HD | DEF tank compatible | double cab | extended cab | GMC Sierra 1500 | GMC Sierra 2500 HD | GMC Sierra 3500 HD | modular style | RBJZ-BR-SIL19-6P+RBJZ-76-MRB-TB | rocker panel mount | running boards | side steps | steel running boards | texture black | truck accessories
Verify,,RBJZ-BR-SIL19-6P,2019-2024,Double Cab,RBJZ,2019-2024-chevy-silverado-gmc-sierra-76-oe-running-boards-matte-black,2019-2024 Silverado/Sierra Double Cab OE Running Boards - Matte Black,https://stehlenauto.com/products/2019-2024-chevy-silverado-gmc-sierra-76-oe-running-boards-matte-black,Title claims 2019-2024 Silverado/Sierra. Confirm bracket spans T1XX (19-21) AND the 2022 fascia/frame refresh.,2019 | 2019-2024 | 2020 | 2021 | 2022 | 2023 | 2024 | 76 inch | aluminum | Chevrolet Silverado 1500 | Chevrolet Silverado 2500 HD | Chevrolet Silverado 3500 HD | DEF tank compatible | double cab | extended cab | flat mount | GMC Sierra 1500 | GMC Sierra 2500 HD | GMC Sierra 3500 HD | matte black | OE style | RBJZ-BR-SIL19-6P+RBJZ-76-6-OE-MB | rocker panel mount | running boards | side steps | truck accessories
INSPECT - no bracket P/N,,,2004-2008,Super Cab,S&B,04-08-ford-f-150-super-cab-5-oval-side-step-bars-black,"2004-2008 Ford F-150 Super Cab 5"" Oval Side Step Bars - Black",https://stehlenauto.com/products/04-08-ford-f-150-super-cab-5-oval-side-step-bars-black,Bracket P/N not found in tags - inspect product manually.,2004 | 2004-2008 | 2005 | 2006 | 2007 | 2008 | 5 inch oval | black | Extended Cab | Ford F-150 | Ford F150 side steps | nerf bars | running boards | SBHD-F15004SC-5-BK | side step bars | step bars | Super Cab | truck accessories
INSPECT - no bracket P/N,,,,Crew Cab,SBMS,07-18-chevy-silverado-gmc-sierra-crew-cab-modular-step-bars-matte-black,07-18 Silverado/Sierra Crew Cab Modular Side Steps - Matte Black,https://stehlenauto.com/products/07-18-chevy-silverado-gmc-sierra-crew-cab-modular-step-bars-matte-black,Bracket P/N not found in tags - inspect product manually.,2007-2018 | Chevrolet Silverado | crew cab | drop step | GMC Sierra | matte black | modular step | nerf bars | running boards | SBMS-SIL07CC-MB | side step bars | side steps | Sierra 1500 | Sierra 2500 HD | Sierra 3500 HD | Silverado 1500 | Silverado 2500 | Silverado 2500 HD | Silverado 3500 HD | truck accessories
INSPECT - no bracket P/N,,,,Extended Cab,DERA,07-18-chevy-silverado-gmc-sierra-ext-cab-modular-step-bars-matte-black,07-19 Silverado/Sierra Extended Cab Modular Side Steps - Matte Black,https://stehlenauto.com/products/07-18-chevy-silverado-gmc-sierra-ext-cab-modular-step-bars-matte-black,Bracket P/N not found in tags - inspect product manually.,2007-2019 | Chevrolet Silverado | double cab | drop step | extended cab | GMC Sierra | matte black | modular step | running boards | SBMS-SIL07XC-MB | side step bars | side steps | Sierra 1500 | Sierra 2500 | Sierra 3500 | Silverado 1500 | Silverado 2500 | Silverado 3500 | truck accessories
INSPECT - no bracket P/N,,,2009-2023,Quad Cab,Modular Step,09-18-dodge-ram-1500-2500-3500-quad-cab-modular-side-step-bars,2009-2023 Dodge Ram 1500/2500/3500 Quad Cab Side Step Bars - Matte Black,https://stehlenauto.com/products/09-18-dodge-ram-1500-2500-3500-quad-cab-modular-side-step-bars,Bracket P/N not found in tags - inspect product manually.,2009 | 2009 2010 2011 2012 2013 2014 2015 2016 2017 2018 2019 2020 2021 2022 2023 | 2010 | 2011 | 2012 | 2013 | 2014 | 2015 | 2016 | 2017 | 2018 | 2019 | 2020 | 2021 | 2022 | 2023 | cab entry | dodge ram 1500 | dodge ram 2500 | dodge ram 3500 | drop step | EB931-RAM09QC-BK | extended cab | matte black | modular step | nerf bar | quad cab | ram 1500 classic | running boards | SBMS-RAM09QC-MB | side step bars | truck steps
INSPECT - no bracket P/N,,,2004-2008,Super Cab,?,2004-2008-ford-f-150-4-oval-nerf-bars-stainless-steel,"2004-2008 Ford F-150 Super Cab 4"" Side Step Nerf Bars - Chrome",https://stehlenauto.com/products/2004-2008-ford-f-150-4-oval-nerf-bars-stainless-steel,Bracket P/N not found in tags - inspect product manually.,2004 | 2004-2008 | 2005 | 2006 | 2007 | 2008 | 4 inch oval | chrome | Extended Cab | Ford F-150 | nerf bars | running boards | sbhd-f15004sc-4-20-ch | side step bars | side steps | stainless steel | Super Cab | T-304 | truck accessories
INSPECT - no bracket P/N,,,2004-2008,Super Cab,?,2004-2008-ford-f-150-super-cab-4-oval-side-step-bars-matte-black,"2004-2008 Ford F-150 Super Cab 4"" Oval Side Step Bars - Matte Black",https://stehlenauto.com/products/2004-2008-ford-f-150-super-cab-4-oval-side-step-bars-matte-black,Bracket P/N not found in tags - inspect product manually.,2004 | 2004-2008 | 2005 | 2006 | 2007 | 2008 | 4 inch oval | cab steps | Extended Cab | F-150 | Ford | matte black | nerf bars | running boards | SBHD-F15004SC-4-MB | side step bars | Super Cab | truck accessories
INSPECT - no bracket P/N,,,2004-2024,Crew Cab,Side Step Bars,2004-2024-nissan-titan-crew-cab-4-oval-side-step-bars-matte-black,"2004-2024 Nissan Titan Crew Cab 4"" Oval Side Step Bars - Matte Black",https://stehlenauto.com/products/2004-2024-nissan-titan-crew-cab-4-oval-side-step-bars-matte-black,Bracket P/N not found in tags - inspect product manually.,2004 | 2004-2024 | 2005 | 2006 | 2007 | 2008 | 2009 | 2010 | 2011 | 2012 | 2013 | 2014 | 2015 | 2016 | 2017 | 2018 | 2019 | 2020 | 2021 | 2022 | 2023 | 2024 | 4 inch oval | Crew Cab | matte black | nerf bars | Nissan | running boards | SBHD-TIT04CC-4-MB | side step bars | side steps | Titan | Titan XD | truck accessories
INSPECT - no bracket P/N,,,2005-2023,Double Cab,Modular Step,2005-2018-toyota-tacoma-double-cab-modular-step-bars-matte-black,2005-2023 Toyota Tacoma Double Cab Modular Side Steps - Matte Black,https://stehlenauto.com/products/2005-2018-toyota-tacoma-double-cab-modular-step-bars-matte-black,Bracket P/N not found in tags - inspect product manually.,2005 | 2005-2023 | 2006 | 2007 | 2008 | 2009 | 2010 | 2011 | 2012 | 2013 | 2014 | 2015 | 2016 | 2017 | 2018 | 2019 | 2020 | 2021 | 2022 | 2023 | crew cab | double cab | drop step | matte black | modular step | nerf bars | running boards | SBMS-TACO05DC-MB | side step bars | side steps | Tacoma side steps | Toyota accessories | Toyota Tacoma | truck accessories
INSPECT - no bracket P/N,,,2005-2021,Crew Cab,Viewpoint,2005-2021-nissan-frontier-crew-cab-viewpoint-running-boards-chrome,2005-2021 Nissan Frontier Crew Cab Running Boards - Viewpoint Chrome,https://stehlenauto.com/products/2005-2021-nissan-frontier-crew-cab-viewpoint-running-boards-chrome,Bracket P/N not found in tags - inspect product manually.,2005 | 2005-2021 | 2006 | 2007 | 2008 | 2009 | 2010 | 2011 | 2012 | 2013 | 2014 | 2015 | 2016 | 2017 | 2018 | 2019 | 2020 | 2021 | aluminum | chrome | crew cab | exterior accessories | Nissan Frontier | PW00937501 | RBWB-FRON05CC-VP-CH | running boards | side steps | stainless steel | Suzuki Equator | truck accessories | viewpoint
INSPECT - no bracket P/N,,,2007-2015,,Steelcraft,2007-2015-ford-edge-lincoln-mkx-4-side-step-bars-black,"2007-2015 Ford Edge / Lincoln MKX 4"" Side Step Bars - Black",https://stehlenauto.com/products/2007-2015-ford-edge-lincoln-mkx-4-side-step-bars-black,Bracket P/N not found in tags - inspect product manually.,2007 | 2007-2015 | 2008 | 2009 | 2010 | 2011 | 2012 | 2013 | 2014 | 2015 | 4 inch side steps | black side steps | Ford Edge | Lincoln MKX | nerf bars | P4SB049401A | running boards | SBHD-EDGE07-4-BK | side step bars | SUV accessories
INSPECT - no bracket P/N,,,2007-2018,,Modular Step,2007-2018-jeep-wrangler-jk-4-door-modular-side-step-bars-matte-black,2007-2018 Jeep Wrangler JK 4-Door Modular Side Step Bars - Matte Black,https://stehlenauto.com/products/2007-2018-jeep-wrangler-jk-4-door-modular-side-step-bars-matte-black,Bracket P/N not found in tags - inspect product manually.,2007 | 2007-2018 | 2008 | 2009 | 2010 | 2011 | 2012 | 2013 | 2014 | 2015 | 2016 | 2017 | 2018 | 4 door | drop step bars | jeep accessories | jeep wrangler | jeep wrangler jk | jk wrangler | matte black | modular step | nerf bars | off-road | running boards | SBMS-WRAN074D-MB | side step bars | side steps | unlimited | wrangler accessories
INSPECT - no bracket P/N,,,2007-2021,,Modular Step,2007-2018-toyota-tundra-crewmax-modular-step-bars-matte-black,2007-2021 Toyota Tundra CrewMax Modular Side Step Bars - Matte Black,https://stehlenauto.com/products/2007-2018-toyota-tundra-crewmax-modular-step-bars-matte-black,Bracket P/N not found in tags - inspect product manually.,2007 | 2007-2021 | 2008 | 2009 | 2010 | 2011 | 2012 | 2013 | 2014 | 2015 | 2016 | 2017 | 2018 | 2019 | 2020 | 2021 | crew cab | CrewMax | drop step | matte black | modular step | nerf bars | running boards | SBMS-TUN07CC-MB | side bars | side step bars | Toyota Tundra | Toyota Tundra accessories | truck accessories
INSPECT - no bracket P/N,,,2007-2021,Double Cab,Modular Step,2007-2018-toyota-tundra-double-cab-modular-side-step-bars-matte-black,2007-2021 Toyota Tundra Double Cab Modular Side Steps - Matte Black,https://stehlenauto.com/products/2007-2018-toyota-tundra-double-cab-modular-side-step-bars-matte-black,Bracket P/N not found in tags - inspect product manually.,2007 | 2007-2021 | 2008 | 2009 | 2010 | 2011 | 2012 | 2013 | 2014 | 2015 | 2016 | 2017 | 2018 | 2019 | 2020 | 2021 | cab entry | drop step | matte black | modular step | nerf bar | running boards | SBMS-TUN07DC-MB | side steps | step bars | Toyota Tundra | truck accessories | Tundra Double Cab | Tundra Extended Cab
INSPECT - no bracket P/N,,,2009-2014,Crew Cab,HD,2009-2014-ford-f-150-supercrew-4-step-bars-black-sbfd5003-4s,"2009-2014 Ford F-150 Crew Cab 4"" Side Step Bars - Black",https://stehlenauto.com/products/2009-2014-ford-f-150-supercrew-4-step-bars-black-sbfd5003-4s,Bracket P/N not found in tags - inspect product manually.,2009 | 2009-2014 | 2010 | 2011 | 2012 | 2013 | 2014 | 4 inch | black | Crew Cab | F150 | Ford F-150 | nerf bars | running boards | SBFD5003-4S | SBHD-F15009CC-4-BK | side step bars | side steps | step bars | SuperCrew | truck accessories
INSPECT - no bracket P/N,,,2009-2014,SuperCrew,Generic,2009-2014-ford-f-150-supercrew-4-step-bars-matte-black,"2009-2014 Ford F-150 SuperCrew 4"" Step Bars - Matte Black",https://stehlenauto.com/products/2009-2014-ford-f-150-supercrew-4-step-bars-matte-black,Bracket P/N not found in tags - inspect product manually.,2009 | 2009-2014 | 2010 | 2011 | 2012 | 2013 | 2014 | 4 inch step bars | category:Running Boards | crew cab | exterior accessories | F150 | Ford F-150 | Ford F-150 step bars | make:Ford | matte black | model:F-150 | nerf bars | running boards | SBHD-F15009CC-4-MB | side step bars | step bars | SuperCrew | truck accessories | year:2009 | year:2010 | year:2011 | year:2012 | year:2013 | year:2014
INSPECT - no bracket P/N,,,2015-2022,Crew Cab,Modular Step,2015-2018-chevy-colorado-gmc-canyon-crew-cab-modular-step-bars,2015-2022 Chevrolet Colorado/GMC Canyon Crew Cab Step Bars - Matte Black,https://stehlenauto.com/products/2015-2018-chevy-colorado-gmc-canyon-crew-cab-modular-step-bars,Bracket P/N not found in tags - inspect product manually.,2015 | 2015-2022 | 2016 | 2017 | 2018 | 2019 | 2020 | 2021 | 2022 | 4-door | Canyon step bars | Chevrolet Colorado | Colorado step bars | crew cab | drop step | GMC Canyon | matte black | modular step bars | nerf bars | running boards | SBMS-COLO15CC-MB | side step bars | side steps | truck steps
INSPECT - no bracket P/N,,,2015-2023,Crew Cab,Modular Step,2015-2018-ford-f-150-f-250-super-crew-modular-step-bars-matte-black,2015-2023 Ford F-150/Super Duty Crew Cab Modular Side Steps,https://stehlenauto.com/products/2015-2018-ford-f-150-f-250-super-crew-modular-step-bars-matte-black,Bracket P/N not found in tags - inspect product manually.,2015 | 2015-2023 | 2016 | 2017 | 2018 | 2019 | 2020 | 2021 | 2022 | 2023 | crew cab | drop step | exterior accessories | Ford F-150 | Ford F-250 | Ford F-350 | Ford F-450 | Ford F-550 | matte black | modular step | running boards | SBMS-F15015CC-MB | side step bars | Super Duty | supercrew | truck accessories
INSPECT - no bracket P/N,,,2017-2022,Crew Cab,SBHD,2017-2022-ford-super-duty-crew-cab-4-side-step-bars-matte-black,"2017-2022 Ford Super Duty Crew Cab 4"" Side Step Bars - Matte Black",https://stehlenauto.com/products/2017-2022-ford-super-duty-crew-cab-4-side-step-bars-matte-black,Bracket P/N not found in tags - inspect product manually.,2017 | 2018 | 2019 | 2020 | 2021 | 2022 | 4 inch | crew cab | F-250 | F-350 | F-450 | F-550 | Ford | matte black | nerf bars | rocker panel mount | running boards | SBHD-F15015CC-4-20-CH | side step bars | side steps | stainless steel | Super Duty | truck accessories
INSPECT - no bracket P/N,,,2017-2022,Crew Cab,SBHD,2017-2022-ford-super-duty-crew-cab-5-steel-side-step-bars-black,"2017-2022 Ford Super Duty Crew Cab 5"" Side Step Bars - Black",https://stehlenauto.com/products/2017-2022-ford-super-duty-crew-cab-5-steel-side-step-bars-black,Bracket P/N not found in tags - inspect product manually.,2017 | 2017-2022 | 2018 | 2019 | 2020 | 2021 | 2022 | 5 inch side steps | black side steps | crew cab | Ford F-250 Super Duty | Ford F-350 Super Duty | Ford F-450 Super Duty | Ford F-550 Super Duty | Ford Super Duty accessories | rocker panel mount | running boards | SBHD-F15015CC-5-BK | side step bars | steel side steps | truck accessories
INSPECT - no bracket P/N,,,2019-2022,Crew Cab,PW,2019-chevy-silverado-gmc-sierra-crew-cab-rock-sliders-texture-black,2019-2022 Silverado/Sierra 1500 Crew Cab Rock Slider Side Steps,https://stehlenauto.com/products/2019-chevy-silverado-gmc-sierra-crew-cab-rock-sliders-texture-black,Bracket P/N not found in tags - inspect product manually.,2019 | 2019 2020 2021 2022 | 2020 | 2021 | 2022 | bolt-on | Chevrolet Silverado 1500 | crew cab | GMC Sierra 1500 | off-road | rock sliders | rocker panel protection | running boards | SBRS-SIL19CC-RS2-TB | side step bars | side steps | Sierra 1500 Limited | Silverado 1500 LTD | texture black | truck accessories
INSPECT - no bracket P/N,,,2019-2023,Crew Cab,Aftermarket,2019-ram-1500-crew-cab-rock-sliders-side-step-bars-texture-black,2019-2023 Dodge Ram 1500 Crew Cab Rock Slider Side Steps - Texture Black,https://stehlenauto.com/products/2019-ram-1500-crew-cab-rock-sliders-side-step-bars-texture-black,Bracket P/N not found in tags - inspect product manually.,2019 | 2019 ram 1500 | 2020 | 2020 ram 1500 | 2021 | 2021 ram 1500 | 2022 | 2022 ram 1500 | 2023 | 2023 ram 1500 | crew cab | dodge ram | nerf bars | off-road | PW03613301 | ram 1500 | rock slider | rocker panel protection | running boards | SBRS-RAM191500CC-RS2-TB | side step bars | side steps | texture black | truck accessories
INSPECT - no bracket P/N,,,2022-2023,Double Cab,Ajp Distributors,2022-toyota-tundra-double-cab-rock-sliders-side-steps-texture-black,2022-2023 Toyota Tundra Double Cab Rock Sliders Side Steps - Texture Black,https://stehlenauto.com/products/2022-toyota-tundra-double-cab-rock-sliders-side-steps-texture-black,Bracket P/N not found in tags - inspect product manually.,2022 | 2022 Tundra | 2023 | 2023 Tundra | bolt-on | Double Cab | Extended Cab | off-road | PW04472101 | rock sliders | rocker panel protection | SBRS-TUN22DC-RS2-TB | side step bars | side steps | texture black | Toyota Tundra | truck accessories
