handle,amazon_title,asin,review_count,verdict,reason
1999-2006-chevy-silverado-tahoe-suburban-front-grille-black,"Glossy Black Vertical Front Hood Bumper Grill Grille Guard ABS Compatible With 99-02 Chevy Silverado 1500 2500/00-06 Tahoe Suburban",B077MG32CJ,2,KEEP,Part type matches (vertical front grille insert). Handle year 1999-2006 aligns with 00-06 Tahoe/Suburban coverage in ASIN title. Reviews describe grille install with no conflicting product language.
2000-2007-toyota-tundra-sequoia-advanced-bull-guard-matte-black,"Curved Style Smoke Window Visors Deflector Vent Shade Guard 4 Pieces v2 Compatible with 02-06 Toyota Camry",B07MDF528K,2,DROP,CONFIRMED WRONG PRODUCT. Handle = Tundra/Sequoia bull guard. ASIN = Camry window visor (vent shade). Different vehicle (Tundra vs Camry) + different part type (bull guard vs visor). Reviews explicitly name 'vent shades' and reference Camry 02-05. Zero overlap in vehicle or part type.
1994-2002-dodge-ram-1500-2500-3500-vertical-front-grille-matte-black,"Glossy Black Vertical Front Hood Bumper Grill Grille Guard ABS Compatible With 94-01 Dodge Ram 1500/94-02 2500 3500",B077MNWQXP,4,KEEP,Part type matches (vertical front grille). Handle year 94-02 consistent with ASIN 94-02 for 2500/3500; ASIN ends 94-01 for 1500 vs handle 94-02 — 1-year edge on 1500 only. Same DR-gen Ram across the range. Reviews confirm grille install on Ram truck.
universal-2-receiver-hitch-step-matte-black-hs207-31bk,"Stehlen 733469495321 Universal Matte Black Hoop Style Trailer Tow Mount Rear Hitch Drop Step Bar Bumper Guard for 2"" X 2"" Towing Receiver Tube",B07TSB2KCW,2,KEEP,Handle = universal 2-inch receiver hitch step. ASIN = universal 2x2 hitch step bar. Exact part type and fitment scope match. Stehlen part number in ASIN title confirms same SKU lineage.
2007-2019-bmw-x5-x6-class-3-trailer-hitch-black-13077,"Class 3 III Black 2"" Receiver Tube Rear Bumper Trailer Tow Hitch Towing Mount Compatible with 07-18 BMW X5 E70 F15 / 14-19 X6 F86",B01IS10K0M,5,KEEP,Part type matches (Class 3 / 2-inch receiver hitch). Vehicle matches (BMW X5 X6). Handle says 2007-2019; ASIN covers 07-18 X5 and 14-19 X6 — handle year range correctly spans both. Reviews confirm X5 install on 2010 and 2016 X5 F15.
1999-2004-ford-super-duty-excursion-front-grille-black,"Glossy Black Vertical Front Hood Bumper Grill Grille Guard ABS Compatible With 99-04 Ford F250 F350 F450 F550 Superduty / 00-04 Excursion",B07HBCWZL2,2,KEEP,Part type matches (vertical front grille). Vehicle and year range match exactly. Reviews confirm grille install on truck.
1994-2002-dodge-ram-1500-2500-3500-horizontal-front-grille-matte-black,"Glossy Black Horizontal Front Hood Bumper Grill Grille Guard ABS Compatible With 94-01 Dodge Ram 1500/94-02 2500 3500",B01MU350Q0,1,KEEP,Part type matches (horizontal front grille). Vehicle matches. Same 1-year edge on 1500 as the vertical variant — not a different product. Review confirms grille install on Ram truck.
2006-2016-chevy-impala-front-lower-bumper-grille-matte-black,"Chrome Mesh Front Upper Hood Grill + Lower Bumper Grille Guard ABS Compatible With 06-13 Chevy Impala / 14-16 Limited",B07L8T474C,6,NEEDS_REMAP,FINISH MISMATCH: Handle slug says matte-black; ASIN is a Chrome product (both upper + lower grille combo). Reviews confirm chrome install. Additionally two of six reviews (R340UVO54GORM9 and R3K9ETFS5NF7EU) have image paths prefixed with B01FTGE16I_ — a different ASIN — confirming Ren BUG-14BD-002 cross-ASIN photo contamination. Those two reviews must be removed regardless of remap decision.
2010-2014-vw-golf-mk6-jetta-front-lower-bumper-grille-black,"Glossy Black Honeycomb Mesh Front Lower Bumper Grill Grille Guard ABS Compatible With 10-13 VW Golf / 10-14 Jetta Sport Wagen MK6",B01FTGDDUI,2,KEEP,Part type matches (lower bumper grille). Vehicle and year range match. Reviews confirm VW fitment.
1998-2003-lincoln-navigator-blackwood-chrome-vertical-front-grille,"Chrome Vertical Front Hood Bumper Grill Grille Guard ABS Compatible With 98-02 Lincoln Navigator / 2002 Blackwood",B01G6AHKA0,2,KEEP,Part type matches (chrome vertical front grille). ASIN covers to 2002; handle extends to 2003. 1-year handle overshoot on Navigator; Blackwood was a 2002-only model so no 2003 Blackwood exists. Minor year discrepancy — not a different part. Review confirms 2000 Navigator install.
2015-2023-ford-f-150-f-250-f-350-underseat-storage-organizer-box,"Stehlen 733469494522 Compatible With 2015-2022 Ford F150 / 2017-2022 F250 F350 F450 F550 Superduty SuperCrew (Crew) Cab Gearbox Underseat Storage Cargo Organizer Box - Textured Black",B07PH2HQYQ,1,KEEP,Part type matches (underseat storage organizer). Stehlen part number in ASIN confirms SKU. Handle extends to 2023 vs ASIN 2022 — the 14th-gen F-150 (2021+) has different cab floor geometry so the 2023 fitment claim in the handle should be verified against ACES data before publishing. Review confirms F150 underseat storage install.
1999-2005-volkswagen-jetta-mk4-front-bumper-grille-matte-black,"Glossy Black Horizontal Front Hood Bumper Grill Grille Guard ABS Compatible With 99-05 VW Jetta/Bora MK4",B07LC19X7P,2,KEEP,Part type matches (front bumper grille). Vehicle and year range match. ASIN specifies horizontal style not captured in handle slug but not a mismatch. Reviews confirm VW purchase satisfaction.
2001-2008-honda-pilot-acura-mdx-class-3-trailer-hitch-13328,"Class 3 III Black 2"" Receiver Tube Rear Bumper Trailer Tow Hitch Towing Mount Compatible with 03-08 Honda Pilot / 01-06 Acura MDX",B01N7FTO2D,1,NEEDS_REMAP,YEAR RANGE OVERSTATED IN HANDLE: Handle claims 2001-2008 for both Pilot and MDX. ASIN covers 03-08 Pilot (handle starts 2 years early for Pilot) and 01-06 MDX (handle ends 2 years late for MDX). A 2001-2002 Pilot buyer would receive a non-fitting hitch. Part type (Class 3 / 2-inch) and vehicle class match. Correct the handle year range to match ASIN: 03-08 Pilot / 01-06 MDX.
2015-2017-ford-f-150-full-led-projector-headlights-black-amber,"Sequential Black Housing Full LED Tri Projector Headlights Signal Lamps Amber Reflector nb Compatible With 15-17 Ford F150",B08FLYTWBM,2,KEEP,Part type matches (full LED projector headlights). Vehicle and year range match exactly. Reviews confirm LED headlight install on F150 with before/after photos and proper aiming notes.
2003-2014-lincoln-navigator-mark-lt-bull-guard-matte-black-led-bar,"Stehlen 733469493105 Compatible with 2004-2023 Ford F150 / 2003-2017 Expedition / 2003-2014 Lincoln Navigator / 2006-2008 Mark LT Advance Series Aluminum LED Bull Bar - Matte Black",B07L81FKDJ,1,KEEP,Part type matches (aluminum LED bull bar). Navigator and Mark LT are correctly named in both ASIN and handle. ASIN additionally covers F150 and Expedition — the single review describes an Expedition install which is within the ASIN fitment list. Stehlen part number confirms SKU lineage.
99-07-silverado-sierra-1500-bull-guard-mesh-skid-plate-matte-black,"Matte Black AVT Style Bull Bar Brush Push Front Bumper Grill Grille Guard with Skid Plate Compatible with 99-07 Chevy Silverado GMC Sierra / 00-06 Suburban Tahoe Yukon 1500",B078P878D8,3,KEEP,Part type matches (bull bar / brush guard with skid plate). Vehicle and year range match. Reviews confirm Silverado and Suburban installs within stated year range.
94-03-chevy-s10-gmc-sonoma-6-tonneau-cover-led-bed-light-kit,"Lock & Roll Up Soft Vinyl Truck Bed Tonneau Cover Compatible with 94-03 Chevy S10 GMC S15 Sonoma / 96-00 Isuzu Hombre 6 Ft (72"") Bed",B01FTGD6JQ,1,NEEDS_REMAP,LED BUNDLE CLAIM NOT IN ASIN: Handle slug includes 'led-bed-light-kit' implying a bundled LED light. ASIN title describes a standalone roll-up soft vinyl tonneau cover with no LED component. If the Shopify product is a combo SKU it must be mapped to the correct ASIN (one that includes the LED kit) or the handle renamed. Vehicle and tonneau type (roll-up soft vinyl / 6ft bed) otherwise match.
09-22-ram-1500-advanced-series-bull-guard-w-led-light-bar-matte-black,"Stehlen 733469493044 Compatible with 2009-2018 Dodge Ram 1500/2019-2024 Classic Advance Series Aluminum LED Bull Bar - Matte Black",B07L7ZLCBV,2,KEEP,Part type matches (aluminum LED bull bar). ASIN covers DS-gen (2009-2018) and DT Classic (2019-2024). Handle says 09-22 — the DT Classic ran through 2021 MY so 2022 in the handle is a 1-year overshoot but not a different product generation. Stehlen part number confirms SKU. Reviews confirm Ram 1500 install.
2019-2024-ram-1500-tonneau-cover-led-light-combo-5-7ft-bed,"Stehlen 714937188860 Compatible with 2009-2018 Dodge Ram 1500/2019-2024 Classic 5.7 Feet (68.4"") Short Bed Lock and Roll Up Tonneau Cover - Black",B07D6XZ6KF,2,NEEDS_REMAP,HANDLE YEAR RANGE TRUNCATED + LED CLAIM UNVALIDATED: Handle says 2019-2024 only; ASIN covers 2009-2018 DS-gen AND 2019-2024 Classic. One reviewer explicitly states 2015 Ram 1500 which is DS-gen within ASIN coverage but outside handle scope. Handle also claims 'led-light-combo' — not present in ASIN title. Shopify product may be a combo SKU but the ASIN is a standalone tonneau. Correct handle to 2009-2024 and verify LED bundle or remove LED claim.
2017-2022-ford-super-duty-crew-cab-5-steel-side-step-bars-black,"4"" Oval Bent End Black Side Step Nerf Bars Rail Running Boards Compatible with 15-22 Ford F150 SuperCrew / 17-22 F250 F350 F450 F550 Superduty Crew Cab",B0832K18QL,4,NEEDS_REMAP,STEP SIZE MISMATCH + CROSS-ASIN REVIEW CONTAMINATION: Handle slug says '5-steel-side-step-bars'; ASIN B0832K18QL is a 4-inch oval bar. A second ASIN (B07JR9DQS5 from fuzzy-match CSV) is a 5-inch oval bar and was routed to the same handle — review R1LFMYNWO5WYM2 has an image path prefixed B07JR9DQS5_ confirming cross-ASIN photo bleed. ASIN also covers 2015-2022 F150 SuperCrew which the handle omits. Cannot keep: 4-inch vs 5-inch is a material product difference that drives returns and misleads on step height.
2004-2008-ford-f-150-front-grille-chrome-vertical-style,"Chrome Vertical Front Hood Bumper Grill Grille Guard ABS Compatible With 04-08 Ford F150",B077KKVLPB,1,KEEP,Part type matches (chrome vertical front grille). Vehicle and year range match exactly. Review confirms truck grille install.
2005-2011-toyota-tacoma-honeycomb-mesh-front-grille-matte-black,"Matte Black OE Honeycomb Mesh Front Hood Bumper Grill Grille Guard ABS Compatible With 06 07-09 Toyota Yaris 4 Door Sedan",B071SDM6H5,1,DROP,WRONG VEHICLE. Handle = 2005-2011 Toyota Tacoma. ASIN = 2006-2009 Toyota Yaris 4-door Sedan. Tacoma is a mid-size pickup; Yaris is a subcompact hatchback/sedan — completely different grille geometry. Review explicitly states 'My Yaris is beat up' and references Yaris grille replacement. No overlap in vehicle application.
2008-2012-jeep-liberty-class-3-trailer-hitch-black-mpn-13245,"Class 3 III Black 2"" Receiver Tube Rear Bumper Trailer Tow Hitch Towing Mount Compatible with 08-12 Jeep Liberty",B01MXI8MEU,1,KEEP,Part type matches (Class 3 / 2-inch hitch). Vehicle and year range match exactly. Review confirms 2010 Jeep Liberty install with detailed install notes.
2006-2011-cadillac-dts-chrome-vertical-front-grille-custom,"Chrome Vertical Front Hood Bumper Grill Grille Guard ABS Compatible With 06-11 Cadillac DTS",B077JLPPJX,2,KEEP,Part type matches (chrome vertical front grille). Vehicle and year range match exactly. Reviews confirm DTS install.
2003-2006-ford-expedition-vertical-style-front-grille-black-abs,"Glossy Black Vertical Front Hood Bumper Grill Grille Guard ABS Compatible With 03-06 Ford Expedition",B07LC1GGNX,1,KEEP,Part type matches (vertical front grille). Vehicle and year range match exactly. Review confirms Expedition install.
2010-2011-toyota-camry-front-grille-chrome-mesh-style,"Chrome Mesh Front Hood Bumper Grill Grille Guard ABS Compatible With 10-11 Toyota Camry",B01FTGCVPQ,1,KEEP,Part type matches (chrome mesh front grille). Vehicle and year range match exactly. Review confirms 2010 Camry install.
04-14-ford-f-150-5-5-roll-up-tonneau-cover-w-led-bed-lights,"Low Profile Hard Tri Fold Aluminum Truck Bed Tonneau Cover Compatible with 04-14 Ford F150 / 06-08 Lincoln Mark LT 5.5 Ft (66"") Short Bed",B087L29BNF,2,DROP,WRONG TONNEAU SUB-TYPE + LED CLAIM NOT IN ASIN: Handle says 'roll-up' — ASIN is explicitly a 'Hard Tri Fold Aluminum' cover. These are materially different products (different price point, aesthetics, security level, and install method). Shipping a hard tri-fold to a customer expecting a roll-up is a guaranteed return. Handle also claims 'led-bed-lights' — not present in ASIN title. Vehicle and bed length (5.5ft) match but sub-type mismatch makes this a DROP.
2006-2008-lincoln-mark-lt-6-5-tri-fold-tonneau-cover-led-light-kit,"Stehlen 714937188808 Compatible with 2004-2014 Ford F150 / 2006-2008 Lincoln Mark LT 6.5 Feet (78"") Bed Lock and Roll Up Tonneau Cover - Black",B07D6YHSNV,1,NEEDS_REMAP,TONNEAU SUB-TYPE INVERSION + LED CLAIM UNVALIDATED: Handle says 'tri-fold'; ASIN says 'Lock and Roll Up.' Roll-up and tri-fold are different closure mechanisms — material return risk. Handle also claims 'led-light-kit' not present in ASIN title. Review confirms a roll-up tonneau on a 2010 F150 6.5ft bed — the ASIN product (roll-up) is what was reviewed. If Shopify product is truly a tri-fold this ASIN is wrong; if Shopify product is a roll-up the handle slug is wrong. Requires human resolution.
2013-2022-ram-1500-honeycomb-rebel-style-front-grille-matte-black,"Stehlen 642167821885 Compatible With 2013-2018 Ram 1500/2019-2024 Classic Rebel Honeycomb Mesh Front Hood Bumper Grille - Matte Black",B085Q54ZKD,1,KEEP,Part type matches (honeycomb Rebel-style front grille / matte black). ASIN covers 2013-2018 + 2019-2024 Classic; handle says 2013-2022. DT Classic ended MY2021 so 2022 in handle is a 1-year overshoot — not a different part. Stehlen part number confirms SKU. Review confirms 2019 Ram 1500 Classic install.
04-09-toyota-highlander-lexus-rx-class-3-trailer-hitch-black,"Class 1 I Black 1.25"" Receiver Tube Rear Bumper Trailer Tow Hitch Towing Mount Compatible with 04-09 Toyota Prius",B07JKLQPGL,1,DROP,TRIPLE MISMATCH — WRONG CLASS + WRONG VEHICLE + WRONG RECEIVER SIZE: Handle = Highlander/Lexus RX Class 3 (2-inch receiver). ASIN = Toyota Prius Class 1 (1.25-inch receiver). Class 1 vs Class 3 is not a remap candidate — they use different receiver tubes; Class 1 cannot accept Class 2/3 accessories. Vehicle is also entirely wrong (Prius vs Highlander/Lexus RX). Review confirms Prius install with bike rack. A Highlander buyer receiving a Class 1 Prius hitch is a safety and fitment failure.
2010-2024-toyota-4runner-bull-guard-w-led-light-bar-matte-black-1,"Stehlen 733469493495 Compatible with 2010-2024 Toyota 4Runner Advance Series Aluminum LED Bull Bar - Matte Black",B07P32H1B7,1,KEEP,Part type matches (aluminum LED bull bar). Vehicle and year range match exactly. Stehlen part number confirms SKU. Review confirms 4Runner install with honest install-time note (sensor interaction).
1993-2011-ford-ranger-6-bed-tri-fold-tonneau-cover-w-led-lights,"Depo Chrome Clear Housing Front Bumper Turn Signal Lights Parking Lamps Side Marker Reflector dp Compatible With 85-92 Camaro/Firebird",B07M5J6QT6,0,DROP,EXTREME MISMATCH — NOT IN REVIEW BUNDLE BUT IN FUZZY-MATCH CSV: ASIN = 1985-1992 Camaro/Firebird front turn signal / parking lamps. Handle = 1993-2011 Ford Ranger 6ft bed tri-fold tonneau cover. Different decade, different vehicle brand, different part type entirely. Fuzzy-match confidence = low (0.269). This ASIN was correctly excluded from amazon-reviews.json; the CSV row must also be excluded. Do not associate this ASIN with any Stehlen handle.
