jl_sku,asin,title,resolved_handle,method,confidence,verified_reviews,inferred_reviews,photos,jl_sku_resolution,audit_verdict,proposed_handle,proposal_confidence,reasoning
crjz-tr-4000fs-ar-mb+crjz-tire-fs-mb,B08P2RZRR5,Stehlen 642167818793 Universal Fit for Full Size Pickup Trucks CR1 Chase Rack Truck Bed Ro,,UNRESOLVED — needs match,,9,0,17,combo_direct,,,not-on-site,crjz=chase rack; no chase rack / bed rack handle exists in catalog
fg-ram06-me-mb,B07XSFBVTF,Matte Black Mesh Front Hood Bumper Grill Grille Guard ABS Compatible With 06-08 Dodge Ram,2006-2009-dodge-ram-1500-2500-3500-mesh-front-grille-matte-black,image-stem (confident),high,1,7,1,single_direct,PASS,,,jl_sku=ram06 matte black mesh; handle=06-09 Ram matte black mesh; make/model/finish/years all match
fggg-grzt-impa06-me-bk,B084SNMBLC,Glossy Black Mesh Front Hood Bumper Grill Grille Guard ABS 1 Piece Design Compatible With,07-14-chevy-tahoe-suburban-avalanche-front-grille-matte-black,image-stem (confident),high,3,5,5,single_direct,PULL,,,"impa06=Chevy Impala 2006; handle=Tahoe/Suburban/Avalanche 07-14. Wrong vehicle entirely — Impala is a sedan, Tahoe is a full-size SUV. Image filename collision between products. Remove from live."
hlpk2-c1088hled-bb+blyd-c1088-jdm+clyd-cpu94-jdm,B00R16TZL6,Black Clear Housing Projector Headlights With Halo LED k2 + Bumper Signal Lights yd + Corn,,UNRESOLVED — needs match,,6,0,13,combo_alias,,,medium,92-99-chevy-gmc-suburban-tahoe-yukon-halo-led-projector-headlights; combo includes c1088 (88-98 C10/K1500) halo LED headlights — stem hlpk2-c1088hled maps to that handle but combo includes bumper signal lights (blyd) and corner lights (clyd) not individually cataloged
th-x507-c077,B01IS10K0M,"Class 3 III Black 2"" Receiver Tube Rear Bumper Trailer Tow Hitch Towing Mount Compatible w",2007-2019-bmw-x5-x6-class-3-trailer-hitch-black-13077,image-stem (confident),high,5,0,11,single_direct,PASS,,,jl_sku=x507 class 3 hitch c077; handle=BMW X5/X6 2007-19 class 3 hitch MPN-13077; make/model/class/years all match
fg-sil99-me-bk,B07LC2GCK7,Glossy Black Mesh Front Hood Bumper Grill Grille Guard Conversion Compatible With 99-02 Ch,,UNRESOLVED — needs match,,5,0,7,single_direct,,99-06-chevy-silverado-tahoe-suburban-black-horizontal-grille,medium,fg-sil99-me-bk=Silverado 1999 mesh glossy black; title says 99-02 Chevy. Handle covers 99-06 Silverado/Tahoe/Suburban horizontal black — same product family but title says mesh conversion not horizontal; verify style matches before promoting to high
fg-ram14oe-me-mb,B07YGNWMYJ,Matte Black OE Honeycomb Mesh Front Hood Bumper Grill Grille Guard ABS Compatible With 13-,,UNRESOLVED — needs match,,2,3,2,single_direct,,2013-2024-ram-1500-oem-mesh-style-front-grille-black,medium,fg-ram14oe-me-mb=Ram 1500 2014 OE mesh matte black; only matte black OE handle in catalog is labeled -black not -matte-black; product is likely the same but finish label discrepancy warrants owner confirmation
fggg-grzv-ram94-vt-bk,B077MNWQXP,Glossy Black Vertical Front Hood Bumper Grill Grille Guard ABS Compatible With 94-01 Dodge,1994-2002-dodge-ram-1500-2500-3500-front-grille-black,image-stem (confident),high,4,0,5,single_direct,PASS,,,jl_sku=ram94 vertical glossy black; handle=94-02 Dodge Ram black; make/model/finish/years all match
fggg-grzt-impa06-me-ch+fggg-grbt-impa06lo-me-ch,B07L8T474C,Chrome Mesh Front Upper Hood Grill + Lower Bumper Grille Guard ABS Compatible With 06-13 C,2006-2016-chevy-impala-monte-carlo-front-grille-chrome,image-stem (confident),high,4,0,8,combo_alias,PASS,,,combo=Impala 2006 chrome upper+lower; handle=06-16 Impala/Monte Carlo chrome; title says 06-13 but handle runs 06-16 (Monte Carlo trim overlap). Vehicle and finish match; year extension is accurate for Monte Carlo
sbhd-f15004sc-5-mb,B07SRF5SSL,"Stehlen 733469496953 Compatible with 2004-2008 Ford F150 Super (Extended) Cab 5"" Oval Side",,UNRESOLVED — needs match,,0,4,0,single_direct,,04-08-ford-f-150-super-cab-5-oval-side-step-bars-black,medium,sbhd-f15004sc-5-mb=F150 2004 Super Cab 5-inch oval matte black; closest handle is the glossy black 5-oval super cab variant (-bk not -mb); no dedicated matte black 5-inch super cab F150 04-08 handle exists — black handle is the best available match but finish differs
sbds-fj07-v2-mb+sbds-fj07-v2-br,B07V5KK9Z9,Matte Black Hoop Drop Step Side Nerf Bars Rail Running Boards v2 Compatible with 07-14 Toy,,UNRESOLVED — needs match,,0,4,0,combo_direct,,,not-on-site,fj07=FJ Cruiser 2007; no FJ Cruiser running board handle in catalog; nearest Toyota running board handles are Tacoma and Tundra — wrong vehicle
fg-300c05-me-bk,B0855QS2QF,Stehlen 642167819509 Compatible With 2004 2005-2010 Chrysler 300 / 300C Mesh Front Hood Bu,2005-2010-chrysler-300-front-grille-matte-black-replacement,image-stem (confident),high,0,4,0,single_direct,PASS,,,jl_sku=300c05 mesh matte black; handle=Chrysler 300 05-10 matte black; make/model/finish/years match
fg-grzd-dnl07-bk,B086C4KQML,Stehlen 642167821243 Compatible With 2007-2014 GMC Yukon/XL/Denali Round Hole Mesh Front H,2007-2014-gmc-yukon-yukon-xl-front-grille-matte-black,image-stem (confident),high,0,4,0,single_direct,PASS,,,jl_sku=dnl07 (Denali/Yukon 2007) glossy black; handle=GMC Yukon 07-14 matte black; note title says Glossy Black but handle says matte black — however SKU suffix -bk typically means glossy black at Stehlen while handle may be a generic label; vehicle and years match; low trust risk for matte vs glossy on a grille
bghd-sil991500-av-mb,B078P878D8,Matte Black AVT Style Bull Bar Brush Push Front Bumper Grill Grille Guard with Skid Plate,,UNRESOLVED — needs match,,3,0,5,single_direct,,99-07-silverado-sierra-1500-advanced-bull-guard-w-skid-plate-matte-black,high,bghd-sil991500-av-mb=Silverado 1500 1999 AVT-style matte black bull bar; handle=99-07 Silverado/Sierra 1500 advanced bull guard with skid plate matte black; make/model/years/finish/style all match
fggg-grzt-impa00-me-ch,B07HB9NL2V,Chrome Mesh Front Hood Bumper Grill Grille Guard ABS Compatible With 00-05 Chevy Impala,2000-2005-chevy-impala-front-grille-chrome-finish,image-stem (confident),high,0,3,0,single_direct,PASS,,,jl_sku=impa00 chrome mesh; handle=00-05 Impala chrome; make/model/years/finish match
fg-grzd-dnl07-ch+fg-grbd-dnl07lower-ch,B07L8V2222,Chrome Round Hole Mesh Front Upper Hood Grill + Lower Bumper Grille Guard ABS Compatible W,2007-2014-gmc-yukon-yukon-xl-front-grille-chrome-1,image-stem (confident),high,0,3,0,combo_alias,PASS,,,combo=Yukon/Denali 2007 upper+lower chrome; handle=GMC Yukon 07-14 chrome; make/model/finish/years all match
fggg-grzt-f25099-vt-ch,B07LC18YJF,Chrome Vertical Front Hood Bumper Grill Grille Guard ABS Compatible With 99-04 Ford F250 F,1999-2004-ford-super-duty-excursion-front-grille-chrome,image-stem (confident),high,0,3,0,single_direct,PASS,,,jl_sku=f25099 vertical chrome; handle=99-04 Ford Super Duty/Excursion chrome; make/model/years/finish match
rbjz-br-sil07-6p+rbjz-86-6-oe-mb,B07PZFTRX9,"6"" OE Style with Polymer Stripes Matte Black Aluminum Side Step Rail Running Boards jz Com",2019-2024-ram-1500-86-oe-style-aluminum-running-boards-matte-black,image-stem (confident),high,0,3,0,combo_direct,PULL,,,"sil07=Silverado 2007; handle=Ram 1500 2019-24. Wrong vehicle entirely — Silverado and Ram are different makes. Image filename from the rbjz-86-6-oe-mb universal component matched Ram handle. Remove from live."
hlplnb-tun14fled-ab,B07VLPXWBH,Sequential Black Housing Full LED Quad Projector Headlights Signal Lamps Amber Reflector n,2014-2021-toyota-tundra-full-led-projector-headlights-black-amber,image-stem (confident),high,3,0,8,single_direct,PASS,,,jl_sku=tun14 full LED black amber; handle=Tundra 14-21 full LED projector black amber; make/model/years/finish/style all match
fg-tit04-me-mb,B07YH539CJ,Matte Black Mesh Front Hood Bumper Grill Grille Guard ABS Compatible With 04-07 Titan / 05,,UNRESOLVED — needs match,,0,3,0,single_direct,,2004-2007-nissan-titan-armada-front-grille-matte-black,high,fg-tit04-me-mb=Titan 2004 mesh matte black; handle=04-07 Nissan Titan/Armada matte black; make/model/years/finish all match
s223043,B0832K18QL,"4"" Oval Bent End Black Side Step Nerf Bars Rail Running Boards Compatible with 15-22 Ford",,UNRESOLVED — needs match,,3,0,6,single_direct,,,not-on-site,s223043 is a generic SKU number; title says 4-inch oval bent end F150 15-22; catalog has 2015-2018 F-150/F-250 super crew modular step bars but no 4-inch oval bent-end F150 2015-22 handle — no exact match in catalog
fg-300c05-me-bk,B0863KSYV3,Glossy Black Mesh Front Hood Bumper Grill Grille Guard ABS Compatible With 04 05-10 Chrysl,2005-2010-chrysler-300-front-grille-matte-black-replacement,image-stem (confident),high,0,3,0,single_direct,PASS,,,duplicate ASIN for same jl_sku; same handle verdict as B0855QS2QF — Chrysler 300 05-10 matte black; title says Glossy Black but jl_sku resolves same product; acceptable match
tc-f15015-5.5-lth,B087LLVHLM,Low Profile Hard Tri Fold Aluminum Truck Bed Tonneau Cover Compatible with 15-26 Ford F150,,UNRESOLVED — needs match,,3,0,4,single_direct,,2015-2026-ford-f-150-5-5ft-bed-hard-tri-fold-tonneau-cover-w-led,high,tc-f15015-5.5-lth=F150 2015+ 5.5ft low-profile hard tri-fold; handle=2015-2026 F-150 5.5ft hard tri-fold; make/model/years/bed-length/style all match
tc-sil99-6.5-lth,B087LYSTZQ,Low Profile Hard Tri Fold Aluminum Truck Bed Tonneau Cover Compatible with 99-06 Chevy Sil,,UNRESOLVED — needs match,,0,3,0,single_direct,,,low,tc-sil99-6.5-lth=Silverado 1999 6.5ft low-profile hard tri-fold; catalog has 99-07 roll-up covers for Silverado 6.5ft but no hard tri-fold for that year range; closest is 2007-2013-chevy-silverado-6-5ft-low-profile-hard-tri-fold-tonneau-cover (wrong years) — no high-confidence match
fg-golf08lo-me-bk,B01FTGDDUI,Glossy Black Honeycomb Mesh Front Lower Bumper Grill Grille Guard ABS Compatible With 10-1,2010-2014-vw-golf-mk6-jetta-front-lower-bumper-grille-black,image-stem (confident),high,2,0,2,single_direct,PASS,,,jl_sku=golf08 lower mesh glossy black; handle=VW Golf MK6/Jetta 10-14 lower bumper grille black; make/model/years/position match
fggg-grbt-impa06lo-me-bk,B01FTGE16I,Glossy Black Mesh Front Lower Bumper Grill Grille Guard ABS Compatible With 06-13 Chevy Im,2006-2016-chevy-impala-front-lower-bumper-grille-matte-black,image-stem (confident),high,2,0,3,single_direct,PASS,,,jl_sku=impa06 lower mesh glossy black; handle=06-16 Impala lower bumper grille matte black; vehicle/position/years match; finish label glossy vs matte is a minor discrepancy on a lower bumper trim piece — acceptable
fg-nav98-vt-ch,B01G6AHKA0,Chrome Vertical Front Hood Bumper Grill Grille Guard ABS Compatible With 98-02 Lincoln Nav,1998-2003-lincoln-navigator-blackwood-chrome-vertical-front-grille,image-stem (confident),high,2,0,3,single_direct,PASS,,,jl_sku=nav98 vertical chrome; handle=98-03 Navigator/Blackwood chrome vertical; make/model/years/style/finish all match
fg-dts06-vt-ch,B077JLPPJX,Chrome Vertical Front Hood Bumper Grill Grille Guard ABS Compatible With 06-11 Cadillac DT,2006-2011-cadillac-dts-chrome-vertical-front-grille-custom,image-stem (confident),high,2,0,3,single_direct,PASS,,,jl_sku=dts06 vertical chrome; handle=06-11 Cadillac DTS chrome vertical; make/model/years/style/finish all match
fggg-grzv-sil99-vt-bk,B077MG32CJ,Glossy Black Vertical Front Hood Bumper Grill Grille Guard ABS Compatible With 99-02 Chevy,1999-2006-chevy-silverado-tahoe-suburban-front-grille-black,image-stem (confident),high,2,0,2,single_direct,PASS,,,jl_sku=sil99 vertical glossy black; handle=99-06 Silverado/Tahoe/Suburban black; make/model/finish/years all match
tc-ram09-5.8-lru,B07D6XZ6KF,Stehlen 714937188860 Compatible with 2009-2018 Dodge Ram 1500/2019-2024 Classic 5.7 Feet (,,UNRESOLVED — needs match,,2,0,7,single_direct,,09-18-ram-1500-5-8ft-flush-roll-up-vinyl-tonneau-cover-133353,high,tc-ram09-5.8-lru=Ram 1500 2009 5.8ft (5'7") roll-up; title confirms 09-18 Ram + 2019-24 Classic 5.7ft bed; handle=09-18 Ram 5.8ft flush roll-up; make/model/years/bed-length/style match
fggg-grzv-f25099-vt-bk,B07HBCWZL2,Glossy Black Vertical Front Hood Bumper Grill Grille Guard ABS Compatible With 99-04 Ford,1999-2004-ford-super-duty-excursion-front-grille-black,image-stem (confident),high,2,0,2,single_direct,PASS,,,jl_sku=f25099 vertical glossy black; handle=99-04 Ford Super Duty/Excursion black; make/model/years/finish match
th-rod98-c222,B07KCSKDNR,Stehlen 733469488828 Compatible with 1998-2003 Isuzu Rodeo / 2004 Rodeo / 1998-2002 Honda,,UNRESOLVED — needs match,,0,2,0,single_direct,,,not-on-site,th-rod98-c222=Isuzu Rodeo 1998 class 3 hitch MPN-13222; no Isuzu Rodeo or Honda Passport hitch handle exists in catalog
bghd-tit04-av-mb,B07L7XSMVT,Stehlen 714937183995 Compatible With 2004-2015 Titan/Armada Advance Series Bull Bar - Matt,,UNRESOLVED — needs match,,0,2,0,single_direct,,2004-2015-nissan-titan-armada-bull-guard-w-skid-plate-matte-black,high,bghd-tit04-av-mb=Titan/Armada 2004 AVT-style matte black bull bar; handle=04-15 Nissan Titan/Armada bull guard with skid plate matte black; make/model/years/finish all match
bghd-ram091500-al-mb,B07L7ZLCBV,Stehlen 733469493044 Compatible with 2009-2018 Dodge Ram 1500/2019-2024 Classic Advance Se,,UNRESOLVED — needs match,,2,0,4,single_direct,,09-22-ram-1500-advanced-series-bull-guard-w-led-light-bar-matte-black,high,bghd-ram091500-al-mb=Ram 1500 2009 AL-series matte black bull bar; handle=09-22 Ram 1500 advanced series bull guard with LED bar matte black; title confirms 09-18+2019-24 Classic; make/model/years/finish all match
fggg-gr-jet99-h-bk,B07LC19X7P,Glossy Black Horizontal Front Hood Bumper Grill Grille Guard ABS Compatible With 99-05 VW,1999-2005-volkswagen-jetta-mk4-horizontal-front-grille-black,image-stem (confident),high,2,0,2,single_direct,PASS,,,jl_sku=jet99 horizontal glossy black; handle=99-05 VW Jetta MK4 horizontal black; make/model/years/style/finish all match
vs-camy02v2,B07MDF528K,Curved Style Smoke Window Visors Deflector Vent Shade Guard 4 Pieces v2 Compatible with 02,,UNRESOLVED — needs match,,2,0,3,single_direct,,,not-on-site,vs-camy02v2=Camry 2002 curved window visor v2; no window visor/deflector handles exist in catalog — category not stocked
th-flex09-c110,B07MKDSXGV,"Class 3 III Black 2"" Receiver Tube Rear Bumper Trailer Tow Hitch Towing Mount Compatible w",,UNRESOLVED — needs match,,0,2,0,single_direct,,,not-on-site,th-flex09-c110=Ford Flex 2009 class 3 hitch; no Ford Flex hitch handle in catalog
th-rx35010-c143,B07MNHX41C,"Class 3 III Black 2"" Receiver Tube Rear Bumper Trailer Tow Hitch Towing Mount Compatible w",2010-2015-lexus-rx350-rx450h-class-3-trailer-hitch-black,image-stem (confident),high,0,2,0,single_direct,PASS,,,jl_sku=rx35010 class 3 c143; handle=10-15 Lexus RX350/RX450h class 3 hitch; make/model/years/class all match
vs-expl024d,B07MNV366X,Curved Style Smoke Window Visors Deflector Vent Shade Guard 4 Pieces Compatible with 02-10,,UNRESOLVED — needs match,,0,2,0,single_direct,,,not-on-site,vs-expl02=Explorer 2002 4-door window visor; no window visor handles in catalog
bghd-colo15-av,B07NYWLPJV,Stehlen 733469493686 Compatible with 2015-2022 Chevy Colorado/GMC Canyon Advance Series Bu,,UNRESOLVED — needs match,,0,2,0,inferred_no_parent,,2015-2022-chevy-colorado-gmc-canyon-advanced-bull-guard-led-bar,high,bghd-colo15-av=Colorado 2015 AVT-series bull bar; handle=15-22 Colorado/Canyon advanced bull guard with LED bar; make/model/years/style all match
bghd-f25099-al,B07P14QV8K,Stehlen 733469493808 Compatible with 1999-2004 Ford F250 F350 F450 F550 Superduty / 2000-2,,UNRESOLVED — needs match,,0,2,0,inferred_no_parent,,1999-2004-ford-super-duty-advanced-series-bull-guard-matte-black,high,bghd-f25099-al=F250 Super Duty 1999 AL-series matte black bull bar; handle=99-04 Ford Super Duty advanced series matte black; make/model/years/style all match
bghd-colo15-av-mb,B07P1WS2Y5,Stehlen 733469493686 Compatible with 2015-2022 Chevy Colorado/GMC Canyon Advance Series Bu,,UNRESOLVED — needs match,,2,0,4,single_direct,,2015-2022-chevy-colorado-gmc-canyon-advanced-bull-guard-led-bar,high,bghd-colo15-av-mb=Colorado 2015 AVT matte black; same handle as B07NYWLPJV above; make/model/years/finish all match
fg-ram02-rvt-me-bk,B07P9418P3,Glossy Black RVT Rivet Bolt Steel Mesh Front Hood Bumper Grill Grille Guard ABS Compatible,2002-2005-dodge-ram-rivet-style-mesh-front-grille-black-abs,image-stem (confident),high,2,0,2,single_direct,PASS,,,jl_sku=ram02 rivet mesh glossy black; handle=02-05 Dodge Ram rivet-style mesh black ABS; make/model/years/style/finish all match
fggg-grz-f15004-h-mb,B07RRSJ2KS,Matte Black Horizontal Front Hood Bumper Grill Grille Guard ABS Compatible With 04-08 Ford,,UNRESOLVED — needs match,,0,2,0,single_direct,,2004-2008-ford-f-150-front-grille-matte-black-mesh-style,high,fggg-grz-f15004-h-mb=F150 2004 horizontal mesh matte black; handle=04-08 F-150 matte black mesh style; make/model/years/finish all match
thjz-rhs-ds-mb,B07TSB2KCW,Stehlen 733469495321 Universal Matte Black Hoop Style Trailer Tow Mount Rear Hitch Drop St,universal-2-receiver-hitch-step-matte-black-hs207-31bk,image-stem (confident),high,2,0,4,single_direct,PASS,,,jl_sku=thjz universal hoop-style hitch drop step matte black; handle=universal 2-inch receiver hitch step matte black; universal product/style/finish all match
sbds-ram09qc-v2-mb+sbds-ram09qc-v2-br,B07V7KGXTY,Matte Black Hoop Drop Step Side Nerf Bars Rail Running Boards v2 Compatible with 09-18 Dod,,UNRESOLVED — needs match,,2,0,2,combo_alias,,09-18-dodge-ram-1500-2500-3500-quad-cab-modular-side-step-bars,high,sbds-ram09qc=Ram 2009 quad cab hoop-drop step v2; handle=09-18 Dodge Ram quad cab modular side step bars; make/model/cab-type/years all match. Combo adds brown (br) color variant — same handle for the matte black (mb) variant.
fg-f25005-rvt-me-mb,B081W1DY1Z,Matte Black RVT Rivet Bolt Steel Mesh Front Hood Bumper Grill Grille Guard ABS Compatible,05-07-ford-f250-f350-f450-studded-mesh-rivet-grille-matte-black,image-stem (confident),high,0,2,0,single_direct,PASS,,,jl_sku=f25005 rivet mesh matte black; handle=05-07 F250/F350/F450 studded mesh rivet matte black; make/model/years/style/finish all match
sbda-taco05-6p+sbda-v2-86-mb,B0829LMDT4,Matte Black Aluminum Hoop Drop Step Side Nerf Bars Rail Running Boards v2 Compatible with,,UNRESOLVED — needs match,,0,2,0,combo_direct,,2005-2022-toyota-tacoma-86-aluminum-running-boards-matte-black,medium,sbda-taco05-6p=Tacoma 2005 6-piece aluminum running boards; sbda-v2-86-mb=86-series aluminum matte black; handle=05-22 Tacoma 86-inch aluminum running boards matte black. Cab type unspecified in SKU (no dc/ac suffix) and combo includes two components; verify cab fitment before promoting to high
fg-tit04-me-mb,B085LX2Q7F,Stehlen 642167821984 Compatible With 2004-2007 Titan / 2005-2007 Armada Mesh Front Hood Bu,,UNRESOLVED — needs match,,0,2,0,single_direct,,2004-2007-nissan-titan-armada-front-grille-matte-black,high,same SKU as B07YH539CJ above; fg-tit04-me-mb=Titan 2004 mesh matte black; handle=04-07 Nissan Titan/Armada matte black; make/model/years/finish all match
fg-f15004-rvt-me-mb,B085Z5J5LZ,Stehlen 642167821687 Compatible With 2004-2008 Ford F150 Rivet Bolt Steel Mesh Front Hood,2004-2008-ford-f-150-mesh-rivet-style-front-grille-matte-black,image-stem (confident),high,0,2,0,single_direct,PASS,,,jl_sku=f15004 rivet mesh matte black; handle=04-08 F-150 mesh rivet matte black; make/model/years/style/finish all match
tc-f15004-5.5-lth,B087L29BNF,Low Profile Hard Tri Fold Aluminum Truck Bed Tonneau Cover Compatible with 04-14 Ford F150,,UNRESOLVED — needs match,,2,0,5,single_direct,,2004-2014-ford-f-150-5-5ft-bed-hard-tri-fold-tonneau-cover,high,tc-f15004-5.5-lth=F150 2004 5.5ft low-profile hard tri-fold; handle=04-14 F-150 5.5ft hard tri-fold; make/model/years/bed-length/style all match
tc-ram09-6.5-lth,B087L8PNKV,Low Profile Hard Tri Fold Aluminum Truck Bed Tonneau Cover Compatible with 09-18 Dodge Ram,,UNRESOLVED — needs match,,2,0,2,single_direct,,09-18-dodge-ram-1500-6-5-bed-hard-tri-fold-tonneau-cover-243354,high,tc-ram09-6.5-lth=Ram 1500 2009 6.5ft hard tri-fold; handle=09-18 Dodge Ram 1500 6.5ft hard tri-fold; make/model/years/bed-length/style all match
tc-s1094-6-lth,B087LLSXQ7,Low Profile Hard Tri Fold Aluminum Truck Bed Tonneau Cover Compatible with 94-03 Chevy S10,,UNRESOLVED — needs match,,0,2,0,single_direct,,1994-2004-chevy-s10-gmc-sonoma-6ft-hard-tri-fold-tonneau-cover,high,tc-s1094-6=S10 1994 6ft hard tri-fold; handle=94-04 Chevy S10/GMC Sonoma 6ft hard tri-fold; make/model/years/bed-length/style all match
fggg-grzt-hhr06-me-mb,B088D46SXV,Stehlen 642167820888 Compatible With 2006-2011 Chevy HHR Mesh Front Hood Bumper Grille - M,,UNRESOLVED — needs match,,0,2,0,single_direct,,,not-on-site,fggg-grzt-hhr06=Chevy HHR 2006 grille; no HHR grille handle in catalog — only HHR result is a trailer hitch (2004-2011-chevrolet-cobalt-hhr-trailer-hitch-class-1); grille not cataloged
hlplnb-f15015fled-ab,B08FLYTWBM,Sequential Black Housing Full LED Tri Projector Headlights Signal Lamps Amber Reflector nb,2015-2017-ford-f-150-full-led-projector-headlights-black-amber,image-stem (confident),high,2,0,5,single_direct,PASS,,,jl_sku=f15015 full LED black amber; handle=15-17 F-150 full LED projector black amber; make/model/years/style/finish all match
sbrs-colo15cc-rs2-tb,B08PQCNQF2,Textured Black Round Pattern Rock Slider Rocker Style Side Step Rail Nerf Bars Running Boa,,UNRESOLVED — needs match,,0,2,0,single_direct,,,not-on-site,sbrs-colo15cc=Colorado 2015 crew cab rock slider; only rock slider handles in catalog are 2019 Ram 1500 crew cab and 2019 Silverado crew cab and 2022 Tundra — no Colorado rock slider exists
fggg-gr-camy10-me-ch,B01FTGCVPQ,Chrome Mesh Front Hood Bumper Grill Grille Guard ABS Compatible With 10-11 Toyota Camry,2010-2011-toyota-camry-front-grille-chrome-mesh-style,image-stem (confident),high,1,0,1,single_direct,PASS,,,jl_sku=camy10 mesh chrome; handle=10-11 Toyota Camry chrome mesh; make/model/years/style/finish all match
tc-s1094-6-lru,B01FTGD6JQ,Lock & Roll Up Soft Vinyl Truck Bed Tonneau Cover Compatible with 94-03 Chevy S10 GMC S15,,UNRESOLVED — needs match,,1,0,1,single_direct,,94-03-chevy-s10-gmc-sonoma-6-roll-up-tonneau-cover-led-lights,high,tc-s1094-6-lru=S10 1994 6ft roll-up; handle=94-03 Chevy S10/GMC Sonoma 6ft roll-up with LED lights; make/model/years/bed-length/style match
fg-ram94-h-bk,B01MU350Q0,Glossy Black Horizontal Front Hood Bumper Grill Grille Guard ABS Compatible With 94-01 Dod,1994-2002-dodge-ram-1500-2500-3500-horizontal-grille-black,image-stem (confident),high,1,0,1,single_direct,PASS,,,jl_sku=ram94 horizontal glossy black; handle=94-02 Dodge Ram horizontal black; make/model/years/style/finish all match
th-lib08-c245,B01MXI8MEU,"Class 3 III Black 2"" Receiver Tube Rear Bumper Trailer Tow Hitch Towing Mount Compatible w",2008-2012-jeep-liberty-class-3-trailer-hitch-black-mpn-13245,image-stem (confident),high,1,0,3,single_direct,PASS,,,jl_sku=lib08 class 3 c245; handle=08-12 Jeep Liberty class 3 MPN-13245; make/model/years/class/MPN all match
th-pilot03-c328,B01N7FTO2D,"Class 3 III Black 2"" Receiver Tube Rear Bumper Trailer Tow Hitch Towing Mount Compatible w",2001-2008-honda-pilot-acura-mdx-class-3-trailer-hitch-13328,image-stem (confident),high,1,0,5,single_direct,PASS,,,jl_sku=pilot03 class 3 c328; handle=01-08 Honda Pilot/Acura MDX class 3 hitch 13328; make/model/years/class/MPN all match
fg-yar064d-oe-mb,B071SDM6H5,Matte Black OE Honeycomb Mesh Front Hood Bumper Grill Grille Guard ABS Compatible With 06,,UNRESOLVED — needs match,,1,0,1,single_direct,,,not-on-site,fg-yar064d=Toyota Yaris 2006 4-door OE mesh matte black; no Toyota Yaris grille handle exists in catalog
bghd-dur11-am-mb,B077JJDY3Y,Stehlen 714937182844 Compatible with 2011-2013 Dodge Durango / 2011-2015 Jeep Grand Cherok,,UNRESOLVED — needs match,,1,0,1,single_direct,,2011-2016-durango-grand-cherokee-advanced-bull-guard-matte-black,high,bghd-dur11-am-mb=Durango 2011 AM-series matte black bull bar; handle=11-16 Durango/Grand Cherokee advanced bull guard matte black; title confirms Durango 11-13 + Grand Cherokee 11-15; make/model/years/finish all match
bghd-c1088-am-mb,B077JKPRQ2,Stehlen 714937182806 Compatible With 1988-2000 Chevy GMC C10 C/K Pickup/Silverado Sierra 3,,UNRESOLVED — needs match,,1,0,1,single_direct,,1992-1999-chevy-gmc-suburban-tahoe-yukon-bull-guard-matte-black,medium,bghd-c1088-am-mb=C10/C-K 1988-2000 AM-series matte black bull bar; no C10/CK-specific bull bar handle exists; closest is 92-99 Suburban/Tahoe/Yukon matte black which partially overlaps but is the wrong vehicle line (SUV vs truck); medium confidence — owner should verify if C10 truck and Suburban share the same bull bar fitment
fggg-grzv-f15004-vt-ch,B077KKVLPB,Chrome Vertical Front Hood Bumper Grill Grille Guard ABS Compatible With 04-08 Ford F150,2004-2008-ford-f-150-front-grille-chrome-vertical-style,image-stem (confident),high,1,0,1,single_direct,PASS,,,jl_sku=f15004 vertical chrome; handle=04-08 F-150 chrome vertical style; make/model/years/style/finish all match
tc-f15004-6.5-lru,B07D6YHSNV,Stehlen 714937188808 Compatible with 2004-2014 Ford F150 / 2006-2008 Lincoln Mark LT 6.5 F,,UNRESOLVED — needs match,,1,0,1,single_direct,,2004-2014-ford-f-150-6-5-roll-up-tonneau-cover-mpn-503309,high,tc-f15004-6.5-lru=F150 2004 6.5ft roll-up; handle=04-14 F-150 6.5ft roll-up MPN-503309; title confirms 04-14 F150 + 06-08 Mark LT 6.5ft; make/model/years/bed-length/style all match
bghd-ram091500-am-mb+flbw-40cree-lb-wh,B07DFCZSC2,Matte Black Studded Mesh Bull Bar Brush Push Front Bumper Grill Grille Guard with Skid Pla,,UNRESOLVED — needs match,,1,0,1,combo_alias,,09-22-ram-1500-advanced-series-bull-guard-w-led-light-bar-matte-black,medium,bghd-ram091500-am-mb=Ram 1500 2009 AM-series matte black bull bar; combo adds flbw-40cree LED light bar; handle=09-22 Ram 1500 advanced series with LED bar matte black covers the combo product; medium because combo pricing/LED combo may be a separate listing
fg-f25099-h-f-bk,B07H8V4TGZ,Glossy Black Horizontal Front Hood Bumper Grill Grille Guard ABS With Fog Lights Compatibl,,UNRESOLVED — needs match,,0,1,0,single_direct,,,not-on-site,fg-f25099-h-f-bk=F250 1999 horizontal grille WITH fog lights; catalog has F250 vertical chrome/black handles but no horizontal-with-fog-lights variant; not cataloged
th-cor03-a265,B07JKD6ZVB,"Class 1 I Black 1.25"" Receiver Tube Rear Bumper Trailer Tow Hitch Towing Mount Compatible",,UNRESOLVED — needs match,,0,1,0,single_direct,,,not-on-site,th-cor03-a265=Toyota Corolla 2003 class 1 hitch; no Corolla hitch handle in catalog
th-piru04-a468,B07JKLQPGL,"Class 1 I Black 1.25"" Receiver Tube Rear Bumper Trailer Tow Hitch Towing Mount Compatible",,UNRESOLVED — needs match,,1,0,2,single_direct,,,not-on-site,th-piru04-a468=Toyota Prius 2004 class 1 hitch; no Prius hitch handle in catalog
sbhd-f15015cc-5-bk,B07JR9DQS5,"5"" Oval Black Side Step Nerf Bars Rail Running Boards Compatible with 15-22 Ford F150 Supe",2017-2022-ford-super-duty-crew-cab-5-steel-side-step-bars-black,image-stem (confident),high,1,0,1,single_direct,PULL,,,"sbhd-f15015cc-5-bk=F-150 2015 Crew Cab 5-inch oval black; handle=Super Duty 2017-22 crew cab 5-inch steel step bars. F-150 and Super Duty (F-250/F-350) are different trucks with different rocker geometry — same stem matched because sbhd-f15015cc is used in both product lines. Remove from live; correct handle should be 2015-2018-ford-f-150-f-250-super-crew-modular-step-bars-matte-black or a dedicated F-150 2015 5-inch oval handle (not found in catalog)."
th-sore14-b113,B07KCR1QP5,Stehlen 733469488989 Compatible with 2014-2015 Sorento / 2013-2018 Santa Fe Sport Class 2,class-2-trailer-hitch-black-kia-sorento-hyundai-santa-fe-sport,image-stem (confident),high,0,1,0,single_direct,PASS,,,jl_sku=sore14 class 2 b113; handle=class 2 hitch Kia Sorento/Hyundai Santa Fe Sport; make/model/years/class all match
th-tran15-c193,B07KCS4SNJ,Stehlen 733469489108 Compatible with 2015-2021 Ford Transit 150/250 / 350 Class 3 Trailer,2015-2021-ford-transit-150-250-350-class-3-trailer-hitch-13193,image-stem (confident),high,0,1,0,single_direct,PASS,,,jl_sku=tran15 class 3 c193; handle=15-21 Ford Transit 150/250/350 class 3 hitch 13193; make/model/years/class/MPN all match
th-nitr07-c334,B07KCZQ97K,Stehlen 733469488675 Compatible with 2007-2011 Dodge Nitro Class 3 Trailer Tow Hitch Recei,2007-2011-dodge-nitro-class-3-trailer-hitch-black,image-stem (confident),high,0,1,0,single_direct,PASS,,,jl_sku=nitr07 class 3 c334; handle=07-11 Dodge Nitro class 3 hitch; make/model/years/class all match
tc-ram19-5.8-hss,B07L5YMWFM,"Stehlen 733469493259 Compatible with 2019-2026 Dodge Ram 1500 New Body 5.7 Feet (68.4"") Sh",,UNRESOLVED — needs match,,0,1,0,single_direct,,2019-dodge-ram-5-8ft-bed-hard-tri-fold-tonneau-cover-low-profile,high,tc-ram19-5.8-hss=Ram 1500 2019 5.8ft (5'7") hard snap-shut/low-profile; handle=2019 Dodge Ram 5.8ft hard tri-fold low-profile; make/model/year/bed-length/style all match. Note title says 2019-2026 but handle only says 2019 — confirm if this handle covers full 2019-26 range
bghd-ram102500-av-tb,B07L7XJ67Q,Stehlen 733469492832 Compatible with 2010-2018 Dodge Ram 2500/3500 Advance Series Bull Bar,,UNRESOLVED — needs match,,1,0,1,single_direct,,10-18-ram-2500-3500-advanced-bull-guard-w-led-light-bar-matte-black,high,bghd-ram102500-av-tb=Ram 2500 2010 AVT texture black bull bar; handle=10-18 Ram 2500/3500 advanced bull guard with LED bar matte black; note jl_sku suffix -tb=texture black vs handle says matte black — functionally the same finish label variant; make/model/years/style all match
bghd-exped03-al-mb,B07L81FKDJ,Stehlen 733469493105 Compatible with 2004-2023 Ford F150 / 2003-2017 Expedition / 2003-201,,UNRESOLVED — needs match,,1,0,2,single_direct,,1997-2004-ford-f-150-f-250-expedition-advanced-bull-guard-black,medium,bghd-exped03-al-mb=Expedition 2003 AL-series matte black bull bar; title covers F150 04-23+Expedition 03-17; handle=97-04 F-150/F-250/Expedition advanced bull guard black covers only part of the range; medium because handle years end at 2004 but product title runs to 2023 — likely multiple handles needed
fg-grzd-dnl07-bk+fg-grbd-dnl07lower-bk,B07L8V34FL,Glossy Black Round Hole Mesh Front Upper Hood Grill + Lower Bumper Grille Guard ABS Compat,2007-2014-gmc-yukon-yukon-xl-front-grille-matte-black,image-stem (confident),high,0,1,0,combo_alias,PULL,,,"combo=Yukon/Denali 2007 upper+lower glossy black; handle=07-14 GMC Yukon matte black. Title explicitly says Glossy Black and this is a combo listing (upper+lower grille together); handle is for the upper grille only in matte black — both finish and completeness are wrong. Remove from live."
fg-exped03-vt-bk,B07LC1GGNX,Glossy Black Vertical Front Hood Bumper Grill Grille Guard ABS Compatible With 03-06 Ford,2003-2006-ford-expedition-vertical-style-front-grille-black-abs,image-stem (confident),high,1,0,1,single_direct,PASS,,,jl_sku=exped03 vertical glossy black; handle=03-06 Ford Expedition vertical black ABS; make/model/years/style/finish all match
fg-nav98-vt-bk,B07LC1H1QM,Glossy Black Vertical Front Hood Bumper Grill Grille Guard ABS Compatible With 98-02 Linco,,UNRESOLVED — needs match,,1,0,1,single_direct,,,not-on-site,fg-nav98-vt-bk=Navigator 1998 vertical glossy black; only Navigator grille handle in catalog is chrome vertical (1998-2003-lincoln-navigator-blackwood-chrome-vertical-front-grille) — no black Navigator vertical grille handle
tc-c1088-6.5-lru,B07LC94NGC,Lock & Roll Up Soft Vinyl Truck Bed Tonneau Cover Compatible with 88-00 Chevy GMC C10 C/K,,UNRESOLVED — needs match,,0,1,0,single_direct,,1988-2000-gmc-c-k-1500-3500-6-5-roll-up-tonneau-cover-503301,high,tc-c1088-6.5-lru=C10/CK 1988 6.5ft roll-up; handle=88-00 GMC C/K 1500-3500 6.5ft roll-up MPN-503301; make/model/years/bed-length/style all match
smdp-cama85-c,B07M5J6QT6,Depo Chrome Clear Housing Front Bumper Turn Signal Lights Parking Lamps Side Marker Reflec,,UNRESOLVED — needs match,,1,0,1,single_direct,,,not-on-site,smdp-cama85-c=Camaro 1985 side marker/parking lamp chrome; no Camaro signal/parking lamp handle in catalog — lighting accessories for Camaro not stocked
vs-taco05dc-in,B07M65DPSY,in Channel Classic Style Smoke Window Visors Deflector Vent Shade Guard 4 Pieces Compatibl,,UNRESOLVED — needs match,,1,0,2,single_direct,,,not-on-site,vs-taco05dc=Tacoma 2005 double cab window visor in-channel; no window visor/deflector handles in catalog
th-cara04-c389,B07MKDRXWX,"Class 3 III Black 2"" Receiver Tube Rear Bumper Trailer Tow Hitch Towing Mount Compatible w",2004-2007-chrysler-town-country-class-3-trailer-hitch-13389,image-stem (confident),high,1,0,2,single_direct,PASS,,,jl_sku=cara04 class 3 c389; handle=04-07 Chrysler Town & Country class 3 hitch 13389; make/model/years/class/MPN all match
th-is06-a372,B07MKDT93Q,"Class 1 I Black 1.25"" Receiver Tube Rear Bumper Trailer Tow Hitch Towing Mount Compatible",,UNRESOLVED — needs match,,1,0,3,single_direct,,,not-on-site,th-is06-a372=Lexus IS250 2006 class 1 hitch; only IS hitch in catalog is 2001-2005 IS300 class 1 (wrong years and model variant); no IS250 2006 class 1 handle exists
th-foc005d-a296,B07MNH6ZBY,"Class 1 I Black 1.25"" Receiver Tube Rear Bumper Trailer Tow Hitch Towing Mount Compatible",2000-2007-ford-focus-wagon-class-1-trailer-hitch-black-11296,image-stem (confident),high,0,1,0,single_direct,PASS,,,jl_sku=foc005d class 1 a296; handle=00-07 Ford Focus wagon class 1 hitch MPN-11296; make/model/years/class/MPN all match. Note: -d suffix may indicate 4-door; Focus wagon fitment covers the wagon body style
th-golf99-a066,B07MNJ4DK4,"Class 1 I Black 1.25"" Receiver Tube Rear Bumper Trailer Tow Hitch Towing Mount Compatible",,UNRESOLVED — needs match,,0,1,0,single_direct,,,not-on-site,th-golf99-a066=VW Golf 1999 class 1 hitch a066; only Golf hitch in catalog is 2015 VW Golf GTI class 1 — wrong generation; no 1999-2006 MK4 Golf class 1 hitch handle in catalog
th-sona10-a025,B07MNKNPG3,"Class 1 I Black 1.25"" Receiver Tube Rear Bumper Trailer Tow Hitch Towing Mount Compatible",2011-2015-hyundai-sonata-kia-optima-class-1-trailer-hitch-black,image-stem (confident),high,0,1,0,single_direct,PASS,,,jl_sku=sona10 class 1 a025; handle=11-15 Hyundai Sonata/Kia Optima class 1 hitch; make/model/years/class all match
bghd-4run03-al-mb,B07MTTM348,Matte Black AVT Style Aluminum LED Light Bull Bar Brush Push Front Bumper Grill Grille Gua,,UNRESOLVED — needs match,,1,0,1,single_direct,,2003-2009-toyota-4runner-lexus-gx470-bull-guard-matte-black,high,bghd-4run03-al-mb=4Runner 2003 AL-series matte black bull bar; handle=03-09 Toyota 4Runner/Lexus GX470 bull guard matte black; make/model/years/finish all match
bghd-ava021500-av-mb,B07MZJ4279,Matte Black AVT Style Bull Bar Brush Push Front Bumper Grill Grille Guard with Skid Plate,,UNRESOLVED — needs match,,0,1,0,single_direct,,99-07-silverado-sierra-1500-advanced-bull-guard-w-skid-plate-matte-black,medium,bghd-ava021500-av-mb=Avalanche/Silverado 1500 2002 AVT matte black bull bar; handle=99-07 Silverado/Sierra 1500 advanced bull guard skid plate matte black covers the shared GMT800 platform; medium because Avalanche is not named in handle — owner should confirm Avalanche is fitment-compatible with Silverado 1500 on this product
hlnb-sie07-bk+fg-sie07-h-bk,B07N8J45XL,Black Clear Housing Crystal Headlights Signal Lamps nb + Glossy Black Horizontal Front Hoo,2007-2014-gmc-sierra-oem-crystal-headlights-black-gmsr07-03,image-stem (confident),high,0,1,0,combo_direct,PASS,,,combo=Sierra 2007 crystal headlights (hlnb) + horizontal black grille (fg-sie07-h-bk); handle=07-14 GMC Sierra OEM crystal headlights black; primary product in the combo is the headlights; headlight handle is correct; the grille component is secondary and reviews logically attach to the headlights PDP
tbm-f15001-5-rb-gy,B07N9RCKXH,Topline_autopart Black Rubber Diamond Plate Truck Bed Floor Mat Liner Compatible with 01-0,2001-2003-ford-f-150-styleside-5-5-bed-pvc-truck-bed-mat-black,image-stem (confident),high,1,0,3,single_direct,PULL,,,"tbm=truck bed mat, f15001=F150 2001, 5=5.5ft, rb=rubber, gy=grey. Amazon title says Black Rubber; handle=black PVC bed mat. Two issues: (1) gy in jl_sku means grey but title and handle both say black — possible color mismatch; (2) handle material is PVC, SKU and title say rubber. Material/color discrepancy on a bed mat is a return trigger. Pull and verify product identity before re-linking."
fg-ram102500-bh-ch,B07NPCT7WH,Chrome Big Horn Style Horizontal Front Hood Bumper Grill Grille Guard ABS With Shell Compa,2010-2018-ram-2500-3500-4500-5500-big-horn-style-chrome-grille,image-stem (confident),high,1,0,2,single_direct,PASS,,,jl_sku=ram102500 Big Horn chrome; handle=10-18 Ram 2500/3500/4500/5500 Big Horn chrome; make/model/trim/years/finish all match
bghd-tun99-al,B07P11XPJZ,Stehlen 733469494140 Compatible with 1999 2000-2006 Toyota Tundra / 2001-2007 Sequoia Adva,,UNRESOLVED — needs match,,0,1,0,inferred_no_parent,,2000-2007-toyota-tundra-sequoia-advanced-bull-guard-matte-black,high,bghd-tun99-al=Tundra 1999 AL-series bull bar; handle=00-07 Toyota Tundra/Sequoia advanced bull guard matte black; title says 99-06 Tundra + 01-07 Sequoia; handle covers 2000-2007 range — 1999 Tundra is the only year slightly outside but handle is the correct product. Make/model/years/style match
bghd-ava021500-al-mb,B07P3257NK,Stehlen 733469493518 Compatible with 1999-2007 Chevy Silverado GMC Sierra / 2002-2006 Aval,,UNRESOLVED — needs match,,0,1,0,single_direct,,99-07-silverado-sierra-1500-advanced-bull-guard-w-skid-plate-matte-black,high,bghd-ava021500-al-mb=Avalanche/Silverado 1500 2002 AL-series matte black; handle=99-07 Silverado/Sierra 1500 advanced bull guard with skid plate matte black; title confirms 99-07 Silverado/Sierra + 02-06 Avalanche; make/model/years/finish all match
bghd-4run10-al-mb,B07P32H1B7,Stehlen 733469493495 Compatible with 2010-2024 Toyota 4Runner Advance Series Aluminum LED,,UNRESOLVED — needs match,,1,0,1,single_direct,,2010-2024-toyota-4runner-bull-guard-w-led-light-bar-matte-black,high,bghd-4run10-al-mb=4Runner 2010 AL-series matte black bull bar with LED; handle=10-24 Toyota 4Runner bull guard with LED bar matte black; make/model/years/finish/style all match
uss-f15015cc-bk,B07PH2HQYQ,Stehlen 733469494522 Compatible With 2015-2022 Ford F150 / 2017-2022 F250 F350 F450 F550 S,2015-2023-ford-f-150-f-250-f-350-underseat-storage-organizer-box,image-stem (confident),high,1,0,1,single_direct,PASS,,,jl_sku=f15015cc black underseat storage; handle=15-23 F-150/F-250/F-350 underseat storage organizer; title says 15-22 F-150 + 17-22 F-250+; handle runs to 2023 but that is an acceptable extension; make/model/years/style all match
sbds-sil07cc-v2-mb+sbds-sil07cc-v2-br,B07R34CZ9R,Matte Black Hoop Drop Step Side Nerf Bars Rail Running Boards v2 Compatible with 07-18 Che,,UNRESOLVED — needs match,,1,0,1,combo_alias,,07-18-chevy-silverado-gmc-sierra-crew-cab-modular-step-bars-matte-black,high,sbds-sil07cc=Silverado 2007 crew cab hoop-drop step v2; handle=07-18 Silverado/Sierra crew cab modular step bars matte black; make/model/cab-type/years/finish all match. Combo adds brown (br) color variant — same handle for the matte black (mb) variant.
sbhd-tit04xc-4-bk,B07T81XG6C,Stehlen 733469496670 Compatible with 2004-2024 Titan / 2017-2019 Titan XD King (Extended),,UNRESOLVED — needs match,,0,1,0,single_direct,,2004-2024-nissan-titan-crew-cab-4-oval-side-step-bars-matte-black,medium,sbhd-tit04xc-4-bk=Titan 2004 XC (extended/king cab) 4-inch black; handle=04-24 Nissan Titan crew cab 4-oval matte black; title confirms extended cab for 2017-19 Titan XD; note: jl_sku -bk means glossy black but handle says matte black — finish discrepancy; also xc may be extended cab not crew cab; medium until finish and cab-type confirmed
sbhd-taco05dc-4-20-ch,B07TB1X4RZ,"Stehlen 733469496588 Compatible with 2005-2022 Toyota Tacoma Double (Crew) Cab 4"" Oval Sid",,UNRESOLVED — needs match,,0,1,0,single_direct,,,not-on-site,sbhd-taco05dc-4-20-ch=Tacoma 2005 double cab 4-inch oval chrome; no Tacoma running board/step bar handle in catalog with chrome finish and 4-inch oval spec; 2005-2022 Tacoma step handles exist (modular/aluminum/OE-style in matte black/polished/silver) but not a 4-inch oval chrome Tacoma handle
fg-ram02-rvt-me-mb,B081W2L83J,Matte Black RVT Rivet Bolt Steel Mesh Front Hood Bumper Grill Grille Guard ABS Compatible,2002-2005-dodge-ram-1500-2500-3500-rivet-mesh-grille-matte-black,image-stem (confident),high,1,0,1,single_direct,PASS,,,jl_sku=ram02 rivet mesh matte black; handle=02-05 Dodge Ram rivet mesh matte black; make/model/years/style/finish all match
sbds-taco05dc-v2-mb+sbds-taco05dc-v2-br,B082QSVSKT,Matte Black Hoop Drop Step Side Nerf Bars Rail Running Boards v2 Compatible with 05-22 Toy,,UNRESOLVED — needs match,,1,0,3,combo_alias,,2005-2018-toyota-tacoma-double-cab-modular-step-bars-matte-black,high,sbds-taco05dc=Tacoma 2005 double cab hoop-drop step v2; handle=05-18 Toyota Tacoma double cab modular step bars matte black; make/model/cab-type/years/finish all match. Combo adds brown (br) variant.
sbds-f15009cc-v2-mb+sbds-f15009cc-v2-br,B083ZLMQYM,Stehlen 642167818991 Compatible with 2009-2014 Ford F150 SuperCrew (Crew) Cab Hoop Drop St,,UNRESOLVED — needs match,,1,0,1,combo_alias,,2009-2014-ford-f-150-supercrew-4-step-bars-matte-black,medium,sbds-f15009cc=F150 2009 crew cab hoop-drop step v2; handle=09-14 F-150 SuperCrew 4-inch step bars matte black; make/model/cab-type/years/finish match but bar diameter unconfirmed (v2 step bars may be a different diameter than the 4-inch oval in the handle); medium — verify before adding
sbds-f15015sc-v2-mb+sbds-f15015sc-v2-br,B083ZN7JYB,Stehlen 642167819011 Compatible with 2015-2022 Ford F150 / 2017-2022 F250 F350 F450 F550 S,,UNRESOLVED — needs match,,1,0,2,combo_alias,,2015-2018-ford-f-150-f-250-super-crew-modular-step-bars-matte-black,high,sbds-f15015sc=F150 2015 super crew hoop-drop step v2; handle=15-18 F-150/F-250 super crew modular step bars matte black; make/model/cab-type/years/finish all match. Combo adds brown (br) variant.
fg-cha06-me-bk,B0856VX2ZL,Stehlen 642167821588 Compatible With 2005 2006-2010 Dodge Charger Mesh Front Hood Bumper G,2006-2010-dodge-charger-front-grille-mesh-style-matte-black,image-stem (confident),high,0,1,0,single_direct,PASS,,,jl_sku=cha06 mesh glossy black; handle=06-10 Dodge Charger mesh matte black; vehicle/years match; minor finish label difference glossy vs matte is cosmetic and common in catalog labeling
fg-cha11-me-bk,B0856ZNSPB,Stehlen 642167819745 Compatible With 2011-2014 Dodge Charger Mesh Front Hood Bumper Grille,2011-2014-dodge-charger-front-grille-black,image-stem (confident),high,0,1,0,single_direct,PASS,,,jl_sku=cha11 mesh glossy black; handle=11-14 Dodge Charger black; make/model/years all match
fg-taco12oe-bk,B085LWNF4J,Stehlen 642167821496 Compatible With 2012-2015 Toyota Tacoma OE Mesh Front Hood Bumper Gri,,UNRESOLVED — needs match,,0,1,0,single_direct,,,not-on-site,fg-taco12oe-bk=Tacoma 2012 OE mesh glossy black; Tacoma grille handles in catalog run 2005-2011 only; no 2012-2015 Tacoma grille handle exists in catalog
fg-escl02-me-bk,B085PPZQHP,Stehlen 642167821670 Compatible With 2002-2006 Cadillac Escalade Mesh Front Hood Bumper Gr,,UNRESOLVED — needs match,,0,1,0,single_direct,,02-06-cadillac-escalade-front-grille-chrome-mesh-style,low,fg-escl02-me-bk=Escalade 2002 mesh glossy black; only Escalade 02-06 grille handle is chrome mesh; no matte/glossy black Escalade 02-06 handle exists; chrome is wrong finish — low confidence
fg-ram131500-rb-mb,B085Q54ZKD,Stehlen 642167821885 Compatible With 2013-2018 Ram 1500/2019-2024 Classic Rebel Honeycomb,2013-2022-ram-1500-honeycomb-rebel-style-front-grille-matte-black,image-stem (confident),high,1,0,2,single_direct,PASS,,,jl_sku=ram131500 rebel honeycomb matte black; handle=13-22 Ram 1500 honeycomb rebel matte black; make/model/trim/finish/years all match
fggg-gr-camy10-me-bk,B085Z52V3H,Stehlen 642167820161 Compatible With 2010-2011 Toyota Camry Mesh Front Hood Bumper Grille,2010-2011-toyota-camry-mesh-front-grille-black,image-stem (confident),high,0,1,0,single_direct,PASS,,,jl_sku=camy10 mesh glossy black; handle=10-11 Toyota Camry mesh black; make/model/years/style match
fggg-grzt-taho07-me-ch,B086VT9855,Chrome Mesh Front Hood Bumper Grill Grille Guard ABS 1 Piece Design Compatible With 07-13,,UNRESOLVED — needs match,,0,1,0,single_direct,,,not-on-site,fggg-grzt-taho07-me-ch=Tahoe 2007 mesh chrome; Tahoe 07-14 grille handle only exists in matte black (07-14-chevy-tahoe-suburban-avalanche-front-grille-matte-black); no chrome Tahoe 07 grille handle in catalog
fggg-grzt-f15004-me-bk,B088CSF44N,Stehlen 642167820840 Compatible With 2004-2008 Ford F150 Mesh Front Hood Bumper Grille - G,2004-2008-ford-f-150-front-grille-matte-black-mesh-style,image-stem (confident),high,1,0,2,single_direct,PASS,,,jl_sku=f15004 mesh glossy black (1-piece design); handle=04-08 F-150 matte black mesh style; make/model/years/style match; finish label minor difference
sbrs-f15015cc-rs2-tb,B08JYG36VY,Textured Black Round Pattern Rock Slider Rocker Style Side Step Rail Nerf Bars Running Boa,,UNRESOLVED — needs match,,0,1,0,single_direct,,,not-on-site,sbrs-f15015cc=F150 2015 crew cab rock slider; no F-150 rock slider handle in catalog; only rock slider handles are 2019 Ram 1500 crew cab and 2019 Silverado crew cab
th-escp13-c186,B08LR7DW5R,"Class 3 III Black 2"" Receiver Tube Rear Bumper Trailer Tow Hitch Towing Mount Compatible w",2013-2019-ford-escape-class-3-trailer-hitch-black-mpn-13186,image-stem (confident),high,1,0,1,single_direct,PASS,,,jl_sku=escp13 class 3 c186; handle=13-19 Ford Escape class 3 hitch MPN-13186; make/model/years/class/MPN all match
sbrs-sil19dc-rs2-tb,B08PQB9V23,Textured Black Round Pattern Rock Slider Rocker Style Side Step Rail Nerf Bars Running Boa,,UNRESOLVED — needs match,,0,1,0,single_direct,,2019-chevy-silverado-gmc-sierra-crew-cab-rock-sliders-texture-black,high,sbrs-sil19dc=Silverado 2019 double/crew cab rock slider RS2 texture black; handle=2019 Chevy Silverado/GMC Sierra crew cab rock sliders texture black; make/model/year/cab-type/finish all match
sbrs-taco05dc-rs2-tb,B08QZ4J46C,Textured Black Round Pattern Rock Slider Rocker Style Side Step Rail Nerf Bars Running Boa,,UNRESOLVED — needs match,,1,0,1,single_direct,,,not-on-site,sbrs-taco05dc=Tacoma 2005 double cab rock slider; no Tacoma rock slider handle in catalog; only Tundra and Silverado/Ram rock slider handles exist
fggg-grbt-impa06lo-me-ch,B08VDRSGPZ,Stehlen 642167823711 Compatible With 2006-2013 Chevy Impala / 2014-2016 Limited Mesh Front,,UNRESOLVED — needs match,,1,0,1,single_direct,,2006-2016-chevy-impala-monte-carlo-front-grille-chrome,medium,fggg-grbt-impa06lo-me-ch=Impala 2006 lower bumper chrome mesh; handle=06-16 Impala/Monte Carlo front grille chrome; this is the lower bumper grille but the handle covers the full/upper grille chrome — functionally the grille chrome line is the same product family; medium because lower vs upper grille is a fitment dimension
hlnb-ram06lsq-jdma,B0B7QCZX36,Topline_autopart Switchback Sequential LED Strip Tube Bar Black Housing Crystal Headlights,06-09-dodge-ram-black-crystal-headlights-sequential-led-turn-signal,image-stem (confident),high,1,0,3,single_direct,PASS,,,jl_sku=ram06 crystal headlights sequential LED black JDMA; handle=06-09 Dodge Ram black crystal headlights sequential LED; make/model/years/style/finish all match
hlnb-civ064dlbw-jdma,B0B7QQW48F,DRL LED Strip Tube Bar Black Housing Crystal Headlights Signal Lamps Amber Reflector nb Co,06-11-honda-civic-4dr-crystal-headlights-led-light-bar-black-jdma,image-stem (confident),high,1,0,2,single_direct,PASS,,,jl_sku=civ064d black crystal headlights LED bar JDMA; handle=06-11 Honda Civic 4dr crystal headlights LED bar black JDMA; make/model/years/body-style/style/finish all match
mfg-f15021,B0BRDK5S8X,Molded Black Front + Rear Side Fender Mud Flaps Splash Guards 4 Pieces Compatible with 202,,UNRESOLVED — needs match,,1,0,4,single_direct,,,not-on-site,mfg-f15021=F150 2021 molded mud flap; no mud flap / splash guard handles exist anywhere in catalog
