asin,score,handle,handoff_title
B07SRF5SSL,0.69,2004-2008-ford-f-150-super-cab-4-oval-side-step-bars-matte-black,"Stehlen 733469496953 Compatible with 2004-2008 Ford F150 Super (Extended) Cab 5"" Oval Side Step Nerf Bars - Matte Black"
B07V5KK9Z9,0.51,2007-2018-toyota-tundra-crewmax-modular-step-bars-matte-black,"Matte Black Hoop Drop Step Side Nerf Bars Rail Running Boards v2 Compatible with 07-14 Toyota FJ Cruiser"
B078P878D8,0.55,99-07-silverado-sierra-1500-bull-guard-mesh-skid-plate-matte-black,"Matte Black AVT Style Bull Bar Brush Push Front Bumper Grill Grille Guard with Skid Plate Compatible with 99-07 Chevy Silverado GMC Sierra / 00-06 Suburban Tahoe Yukon 1500"
B07PZFTRX9,0.49,07-18-chevy-silverado-gmc-sierra-crew-cab-modular-step-bars-matte-black,"6"" OE Style with Polymer Stripes Matte Black Aluminum Side Step Rail Running Boards jz Compatible with 07-18 Chevy Silverado/GMC Sierra Crew Cab"
B07YH539CJ,0.5,2004-2015-nissan-titan-armada-bull-guard-mesh-skid-plate-matte-black,"Matte Black Mesh Front Hood Bumper Grill Grille Guard ABS Compatible With 04-07 Titan / 05-07 Armada"
B087LYSTZQ,0.42,1993-2011-ford-ranger-6-bed-hard-tri-fold-tonneau-cover-243315,"Low Profile Hard Tri Fold Aluminum Truck Bed Tonneau Cover Compatible with 99-06 Chevy Silverado GMC Sierra / 2007 Classic 6.5 Ft (78"") Short Bed"
B07KCSKDNR,0.42,1998-2007-honda-accord-acura-tl-cl-class-1-trailer-hitch,"Stehlen 733469488828 Compatible with 1998-2003 Isuzu Rodeo / 2004 Rodeo / 1998-2002 Honda Passport / 2002-2003 Isuzu Axiom with Under-Vehicle Spare Class 3 Trailer Tow Hitch Receiver 2"""
B07L7XSMVT,0.49,2004-2015-nissan-titan-armada-bull-guard-w-led-light-bar-matte-black,"Stehlen 714937183995 Compatible With 2004-2015 Titan/Armada Advance Series Bull Bar - Matte Black"
B07L7ZLCBV,0.45,09-22-ram-1500-advanced-series-bull-guard-w-led-light-bar-matte-black,"Stehlen 733469493044 Compatible with 2009-2018 Dodge Ram 1500/2019-2024 Classic Advance Series Aluminum LED Bull Bar - Matte Black"
B07MKDSXGV,0.4,2009-2020-dodge-journey-class-3-trailer-hitch-black,"Class 3 III Black 2"" Receiver Tube Rear Bumper Trailer Tow Hitch Towing Mount Compatible with 09-19 Ford Flex Dual Exhaust / 10-19 Lincoln MKT EcoBoost Engine"
B07NYWLPJV,0.48,2015-2022-chevy-colorado-gmc-canyon-bull-guard-w-skid-plate,"Stehlen 733469493686 Compatible with 2015-2022 Chevy Colorado/GMC Canyon Advance Series Bull Bar - Matte Black"
B07P14QV8K,0.49,99-04-ford-super-duty-excursion-bull-guard-led-light-bar-matte-black,"Stehlen 733469493808 Compatible with 1999-2004 Ford F250 F350 F450 F550 Superduty / 2000-2004 Excursion Advance Series Aluminum LED Bull Bar - Matte Black"
B07P1WS2Y5,0.48,2015-2022-chevy-colorado-gmc-canyon-bull-guard-w-skid-plate,"Stehlen 733469493686 Compatible with 2015-2022 Chevy Colorado/GMC Canyon Advance Series Bull Bar - Matte Black"
B07V7KGXTY,0.56,09-18-dodge-ram-1500-2500-3500-quad-cab-modular-side-step-bars,"Matte Black Hoop Drop Step Side Nerf Bars Rail Running Boards v2 Compatible with 09-18 Dodge Ram 1500/19-24 Classic Quad (Extended) Cab"
B0829LMDT4,0.51,2005-2018-toyota-tacoma-double-cab-modular-step-bars-matte-black,"Matte Black Aluminum Hoop Drop Step Side Nerf Bars Rail Running Boards v2 Compatible with 05-22 Toyota Tacoma Double (Crew) Cab"
B085LX2Q7F,0.61,2004-2007-nissan-titan-armada-front-grille-matte-black,"Stehlen 642167821984 Compatible With 2004-2007 Titan / 2005-2007 Armada Mesh Front Hood Bumper Grille - Matte Black"
B087LLSXQ7,0.54,1994-2004-chevy-s10-gmc-sonoma-6ft-hard-tri-fold-tonneau-cover,"Low Profile Hard Tri Fold Aluminum Truck Bed Tonneau Cover Compatible with 94-03 Chevy S10 GMC S15 Sonoma / 96-00 Isuzu Hombre 6 Ft (72"") Bed"
B088D46SXV,0.49,2005-2011-toyota-tacoma-honeycomb-mesh-front-grille-matte-black,"Stehlen 642167820888 Compatible With 2006-2011 Chevy HHR Mesh Front Hood Bumper Grille - Matte Black"
B08PQCNQF2,0.49,2015-2018-chevy-colorado-gmc-canyon-crew-cab-modular-step-bars,"Textured Black Round Pattern Rock Slider Rocker Style Side Step Rail Nerf Bars Running Boards Compatible with 15-22 Chevy Colorado/GMC Canyon Crew Cab"
B07DFCZSC2,0.48,09-22-dodge-ram-1500-bull-guard-w-mesh-skid-plate-matte-black,"Matte Black Studded Mesh Bull Bar Brush Push Front Bumper Grill Grille Guard with Skid Plate + 120W CREE LED Fog Light Compatible with 09-18 Dodge Ram 1500/19-24 Classic"
B07H8V4TGZ,0.42,99-04-ford-super-duty-excursion-bull-guard-led-light-bar-matte-black,"Glossy Black Horizontal Front Hood Bumper Grill Grille Guard ABS With Fog Lights Compatible With 99-04 Ford F250 F350 F450 F550 Superduty / 00-04 Excursion"
B07JKD6ZVB,0.45,2004-2020-toyota-sienna-class-3-trailer-hitch-black-13105,"Class 1 I Black 1.25"" Receiver Tube Rear Bumper Trailer Tow Hitch Towing Mount Compatible with 03-19 Toyota Corolla 4 Door Sedan"
B07L5YMWFM,0.54,2019-dodge-ram-5-8ft-bed-flush-roll-up-vinyl-tonneau-cover,"Stehlen 733469493259 Compatible with 2019-2026 Dodge Ram 1500 New Body 5.7 Feet (68.4"") Short Bed Hidden Snap Tonneau Cover - Black"
B07L7XJ67Q,0.59,2010-2018-ram-dodge-2500-3500-advanced-series-bull-guard-texture-black,"Stehlen 733469492832 Compatible with 2010-2018 Dodge Ram 2500/3500 Advance Series Bull Bar - Textured Black"
B07LC94NGC,0.5,88-00-gmc-c-k-1500-3500-6-5-tonneau-cover-led-light-combo,"Lock & Roll Up Soft Vinyl Truck Bed Tonneau Cover Compatible with 88-00 Chevy GMC C10 C/K Pickup/Silverado Sierra 6.5 Ft (78"") Short Bed"
B07MNJ4DK4,0.41,1996-2026-gmc-savana-class-3-trailer-hitch-black-13040,"Class 1 I Black 1.25"" Receiver Tube Rear Bumper Trailer Tow Hitch Towing Mount Compatible with 99-06 VW Golf MK4 / 99-05 GTI / 98-10 Beetle Non-Turbo"
B07MTTM348,0.61,2003-2009-toyota-4runner-lexus-gx470-bull-guard-matte-black,"Matte Black AVT Style Aluminum LED Light Bull Bar Brush Push Front Bumper Grill Grille Guard with Skid Plate Compatible with 03-09 Toyota 4Runner / Lexus GX470"
B07MZJ4279,0.53,99-07-silverado-sierra-1500-bull-guard-mesh-skid-plate-matte-black,"Matte Black AVT Style Bull Bar Brush Push Front Bumper Grill Grille Guard with Skid Plate v2 Compatible with 99-07 Chevy Silverado GMC Sierra / 02-06 Avalanche / 00-06 Suburban Tahoe Yukon 1500"
B07P11XPJZ,0.41,2000-2007-toyota-tundra-sequoia-advanced-bull-guard-matte-black,"Stehlen 733469494140 Compatible with 1999 2000-2006 Toyota Tundra / 2001-2007 Sequoia Advance Series Aluminum LED Bull Bar - Matte Black/Brush Aluminum Skid Plate"
B07P3257NK,0.51,99-07-silverado-sierra-bull-guard-led-light-bar-matte-black,"Stehlen 733469493518 Compatible with 1999-2007 Chevy Silverado GMC Sierra / 2002-2006 Avalanche / 2000-2006 Suburban Tahoe Yukon 1500 Advance Series Aluminum LED Bull Bar - Matte Black"
B07P32H1B7,0.63,2010-2024-toyota-4runner-bull-guard-w-led-light-bar-matte-black-1,"Stehlen 733469493495 Compatible with 2010-2024 Toyota 4Runner Advance Series Aluminum LED Bull Bar - Matte Black"
B07R34CZ9R,0.51,2004-2024-nissan-titan-crew-cab-4-oval-side-step-bars-matte-black,"Matte Black Hoop Drop Step Side Nerf Bars Rail Running Boards v2 Compatible with 07-18 Chevy Silverado/GMC Sierra Crew Cab"
B07T81XG6C,0.59,2004-2024-nissan-titan-crew-cab-4-oval-side-step-bars-matte-black,"Stehlen 733469496670 Compatible with 2004-2024 Titan / 2017-2019 Titan XD King (Extended) Cab 4"" Oval Side Step Nerf Bars - Black"
B07TB1X4RZ,0.49,2004-2024-nissan-titan-crew-cab-4-oval-side-step-bars-matte-black,"Stehlen 733469496588 Compatible with 2005-2022 Toyota Tacoma Double (Crew) Cab 4"" Oval Side Step Nerf Bars - Stainless Steel"
B083ZLMQYM,0.55,2009-2014-ford-f-150-supercrew-4-step-bars-black-sbfd5003-4s,"Stehlen 642167818991 Compatible with 2009-2014 Ford F150 SuperCrew (Crew) Cab Hoop Drop Step Side Nerf Bars Rail Running Boards v2 - Matte Black"
B085LWNF4J,0.46,2006-2016-chevy-impala-front-lower-bumper-grille-matte-black,"Stehlen 642167821496 Compatible With 2012-2015 Toyota Tacoma OE Mesh Front Hood Bumper Grille - Glossy Black"
B085PPZQHP,0.51,02-06-cadillac-escalade-front-grille-chrome-mesh-style,"Stehlen 642167821670 Compatible With 2002-2006 Cadillac Escalade Mesh Front Hood Bumper Grille - Glossy Black"
B08JYG36VY,0.44,2015-2023-ford-f-150-super-duty-86-oe-style-running-boards-matte-black,"Textured Black Round Pattern Rock Slider Rocker Style Side Step Rail Nerf Bars Running Boards Compatible with 15-22 Ford F150 SuperCrew / 17-22 F250 F350 F450 F550 Superduty Crew Cab"
B08PQB9V23,0.45,2019-2025-chevy-silverado-gmc-sierra-1500-dc-led-step-bars,"Textured Black Round Pattern Rock Slider Rocker Style Side Step Rail Nerf Bars Running Boards Compatible with 19-21 Chevy Silverado GMC Sierra 1500/2022 LTD Limited Double (Extended) Cab"
B08QZ4J46C,0.5,2005-2022-toyota-tacoma-oe-style-running-boards-matte-black,"Textured Black Round Pattern Rock Slider Rocker Style Side Step Rail Nerf Bars Running Boards Compatible with 05-22 Toyota Tacoma Double (Crew) Cab"
B08VDRSGPZ,0.49,2006-2016-chevy-impala-front-lower-bumper-grille-matte-black,"Stehlen 642167823711 Compatible With 2006-2013 Chevy Impala / 2014-2016 Limited Mesh Front Lower Bumper Grille - Chrome"
