asin,manifest_status,match_method,ca_skus,cb_item_name,shopify_handle,shopify_status,amazon_title
B08P2RZRR5,not_in_catalog,seller_sku,crjz-tr-4000fs-ar-mb+crjz-tire-fs-mb-601,crjz-tr-4000fs-ar-mb+crjz-tire-fs-mb,,,Stehlen 642167818793 Universal Fit for Full Size Pickup Trucks CR1 Chase Rack Truck Bed Roll Bar with Tire Carrier - Matte Black
B01JK181XM,pending_team_review,,,,,,"DNA MOTORING HITST-2-3-222-SS Class III 3"" Hitch Step,Chrome"
B06XKQFPNW,pending_team_review,,,,,,"DC Cargo - Heavy-Duty Edge Protectors, 8""x8""x12"" (pack of 4) Strap Protectors for Flatbed Equipment, Unparalleled Cargo Management Solutions for Truckers, Contractors, and Outdoor Enthusiasts"
B076XCFJYJ,pending_team_review,,,,,,SuperSprings Set of Front SumoSprings fits 2011-2025 F53 Class A Motorhome Chassis (Coachmen; Fleetwood; Forest River; Holiday Rambler; Jayco; Newmar; Thor; Tiffin; Winnebago)
B07JJQVS3J,pending_team_review,title,thjz-rhs-3-20-ch-801,thjz-rhs-3-20-ch,universal-3-stainless-steel-hitch-step-for-2-receivers-chrome,DRAFT,"TLAPS 7422445151162 Universal Compatible with 2"" x 2"" Towing Receiver Chrome 3 Inch Tube Trailer Tow Mount Rear Hitch Step Bar Bumper Guard"
B084SNMBLC,wrong_map_removed,title,fggg-grzt-taho07-me-bk-602,fggg-grzt-taho07-me-bk,07-14-chevy-tahoe-suburban-avalanche-front-grille-matte-black,ACTIVE,Glossy Black Mesh Front Hood Bumper Grill Grille Guard ABS 1 Piece Design Compatible With 07-13 Chevy Avalanche / 07-14 Tahoe Suburban
B08SQCK982,pending_team_review,title,fggg-grz-f15004-h-mb-801,fggg-grz-f15004-h-mb,2004-2008-ford-f-150-horizontal-front-grille-matte-black,DRAFT,TLAPS 7422445325310 Compatible With 2004-2008 Ford F150 Matte Black Horizontal Front Bumper Grill Grille
B08SQD2KLX,pending_team_review,title,fg-grz-escl07-ch-801,fg-grz-escl07-ch,2007-2014-cadillac-escalade-front-grille-chrome-mesh-style,ACTIVE,TLAPS 7422450866891 Compatible With 2007-2014 Cadillac Escalade/EXT Chrome Mesh Front Bumper Grill Grille
B096VP2GTP,pending_team_review,,,,,,Pair 5 Inch Led Offroad Driving Lights 160w Round Offroad Spot Light Driving Spotlights with Yellow Cover Wiring Harness 12V 24V for Pickup Trucks SUV UTV ATV 4x4
B09B1KD7MS,pending_team_review,title,amazon-000344-801,amazon-000344,,,TLAPS 7422439999954 Compatible With 2006-2013 Chevy Impala / 2014-2016 Limited Glossy Black Mesh Upper + Lower Front Bumper Grill Grille
B09JSC9NFK,pending_team_review,,,,,,7 Inch Round LED Offroad Lights Red 2pcs 210W 32000LM LED Off Road Lights Super Bright Off Road Lights Driving Lights Amber Offroad Lights with Wiring Harness 12V 24V
B09N1DTH9S,pending_team_review,,,,,,BIGLIONX 6inch 2pcs Amber Round LED Offroad Lights Amber Offroad Driving Fog Lights with Wiring Harness 210W 32000LM Waterproof IP68 IP69K 12V 24V for Pickup Trucks ATV UTV SUV
B09NNG1GRP,pending_team_review,,,,,,BIGLIONX Round LED Offroad Lights 7inch 2pcs 210W 32000LM LED Off Road Light Super Bright Amber Offroad Lights Driving Light Spot Light Bar with Wiring Harness IP68 for Trucks Pickup ATV UTV SUV
B09VXNYBDF,pending_team_review,,,,,,BIGLION.X 5Inch 160W Round Offroad Lights 18800LM LED Amber Fog Lights Yellow Driving Light Bar Off Road Spot Light Pods With Wiring Harness IP69K for Car Trucks SUV
B09WXQ92HV,pending_team_review,,,,,,BIGLION.X 7Inch Round LED Amber Driving Offroad Lights 2PCS 210W 32000LM Amber Off road Lights LED Off Road Light Round Waterproof IP68 IP69K 12V 24V for Pickup Trucks SUV ATV UTV 4x4
B09XDKCLGS,pending_team_review,,,,,,BIGLION.X 9 Inch Round LED Offroad Lights Pair 320W Amber Driving Lights Super Bright 48800LM Spot Lights Waterproof IP68 12V 24V for Pickup Trucks SUV UTV 4WD
B0BD4M3JQL,pending_team_review,,,,,,BIGLION.X 7Inch Round LED Offroad Lights 2PCS 210W 32000LM Super Bright LED Off Road Lights Driving Lights Round Waterproof IP68 IP69K 12V 24V for Pickup Trucks SUV ATV UTV 4x4
B0BF3RG4PN,pending_team_review,,,,,,BIGLION.X Round LED Offroad Lights 7 Inch Super Bright Offroad Driving Spot Lights with Black Covers IP68 12V 24V for Trucks Pickup ATV UTV SUV
B0CJM5KGGQ,pending_team_review,,,,,,"Mytee Products (80 Pieces Blue 4""x6"" Flatbed Edge Protectors with Carrying Case - 4"" Winch Ratchet Straps Corner Protectors for Flatbed Cargo Load"
B0CQP7Z582,pending_team_review,,,,,,"TripleAliners Truck Mat Compatible with 2019-2026 Chevy Silverado/GMC Sierra 1500 5.8FT Accessories, Truck Bed Mat Heavy Duty Custom Fit All Weather Protection TPE Pickup Bed Liner"
B0D9W6D3ZM,pending_team_review,,,,,,"KARPAL Floor Mats for 2015-2025 2026 Ford F-150 SuperCrew (Includes 2022-2026 Lightning), Custom Fit TPE All Weather Ford F150 Accessories 1st & 2nd Row Floor Liner"
B0DHSWQVSB,pending_team_review,,,,,,"Send It. High Roller Tailgate Bike Pad V2 - Truck Accessories for Mountain Bikers, BMX Bikes, Ebikes & More (Mid Size)"
B0DY3NYJ5S,pending_team_review,,,,,,"Auxbeam 3 Inch Round Lights, 108W Side Shooter V-Ultra Series Offroad Driving Pod Lights with Amber DRL, 270° Ultra-Wide Ditch Light Hyper Spot Beam 3 Modes White Amber Light Pod with Covers, Pair"
B0GVMYYKBJ,pending_team_review,,,,,,"328FT 1/16” Vinyl Coated Wire Rope with 150Pcs Aluminum Sleeves | 304 stainless steel, 380 lbs breaking strength, for string lights, trellis, picture hanging wire"
B077KGJCL4,pending_team_review,title,fggg-grz-dak97-bl-bk-601,fggg-grz-dak97-bl-bk,1997-2004-dodge-dakota-durango-front-grille-black,ACTIVE,Glossy Black Horizontal Front Hood Bumper Grill Grille Guard ABS Compatible With 97-04 Dodge Dakota / 98-03 Durango
B07LC278G3,pending_team_review,title,fggg-grz-dev00-me-ch-601,fggg-grz-dev00-me-ch,2000-2005-cadillac-deville-mesh-front-grille-chrome,DRAFT,Chrome Mesh Front Hood Bumper Grill Grille Guard ABS Compatible With 00-05 Cadillac Deville
B07LC35F8M,pending_team_review,title,fggg-grz-ram02-h-ch-601,fggg-grz-ram02-h-ch,02-05-dodge-ram-1500-2500-3500-front-grille-chrome,ACTIVE,Chrome Horizontal Front Hood Bumper Grill Grille Guard ABS Compatible With 02-05 Dodge Ram 1500/03-05 2500 3500
B08SQHT533,pending_team_review,title,fggg-grzq-tun07-me-bk-801,fggg-grzq-tun07-me-bk,2007-2009-toyota-tundra-mesh-front-grille-black,ACTIVE,TLAPS 7422446143135 Compatible With 2007-2009 Toyota Tundra Glossy Black Mesh Front Bumper Grill Grille
B08SQNR582,pending_team_review,title,fggg-grzt-dak05-me-bk-801,fggg-grzt-dak05-me-bk,2005-2007-dodge-dakota-front-grille-matte-black-mesh-style,ACTIVE,TLAPS 7422438980946 Compatible With 2005-2007 Dodge Dakota Glossy Black Mesh Front Bumper Grill Grille
B094Y2F9CF,pending_team_review,,,,,,"Car Tissue, Auto Visor Tissues Refills for Cars Tissues Case, Napkin Holder Refill, Nice Tissue for Sun Visor Box, Car Travel Napkin, Soft and Smooth, 3-Ply, 12 Packets, 360 Sheets"
B09VKCN73P,pending_team_review,title,hlnb-ram02lbw-cha-801,hlnb-ram02lbw-cha,02-05-dodge-ram-crystal-headlights-w-led-light-bar-chrome,ACTIVE,TLAPS 7422439260207 Compatible With 2002-2005 Dodge Ram 1500/2003-2005 2500 3500 DRL LED Strip Bar Chrome Housing Headlights With Amber Reflector
B09VN8DD7Y,pending_team_review,title,hlnb-ram06lsq-jdma-801,hlnb-ram06lsq-jdma,06-09-dodge-ram-black-crystal-headlights-sequential-led-turn-signal,ACTIVE,TLAPS 7422447881807 Compatible With 2006-2008 Dodge Ram 1500/2006-2009 2500 3500 Switchback Sequential LED Strip Bar Black Housing Headlights With Amber Reflector
B0B9FHB4WP,pending_team_review,title,hlnb-sil07lsq-jdma-801,hlnb-sil07lsq-jdma,07-13-chevy-silverado-1500-led-crystal-headlights-sequential-signal,ACTIVE,TLAPS 7422451949975 Compatible With 2007-2013 Chevy Silverado 1500/2007-2014 2500 3500 HD Switchback Sequential LED Strip Bar Black Housing Headlights With Amber Reflector
B0BNWQ3QS4,pending_team_review,title,hlnb-mus99lsq-cha-801,hlnb-mus99lsq-cha,99-04-ford-mustang-crystal-headlights-sequential-led-signal-chrome,ACTIVE,TLAPS 7422440591543 Compatible With 1999-2004 Ford Mustang Switchback Sequential LED Strip Bar Chrome Housing Headlights With Amber Reflector
B0BS6BTCHK,pending_team_review,,,,,,"BIGLION.X 9 inch Round LED Offroad Lights - Super Bright, Waterproof IP68, 12V/24V for Pickup Trucks, SUV, UTV, 4WD"
B0BXNXG2BD,pending_team_review,,,,,,BIGLION.X 4 Inch Pair 160W 18800LM Amber Fog Lights Offroad Pods Super Bright Driving Spot With Wiring Harness IP68 12V 24V for Pickup Trucks SUV ATV UTV
B0CG2KS5DF,pending_team_review,title,hlnb-sil994plsq-jdma-601,hlnb-sil994plsq-jdma,1999-2002-chevrolet-silverado-crystal-headlights-parking-lights-4pc-set-w-sequential-led-bar-black,DRAFT,Switchback Sequential LED Strip Tube Bar Black Housing Crystal Headlights With Signal Bumper Lamps Amber Reflector 4-Pieces nb Compatible With 99-02 Chevy Silverado / 00-06 Suburban Tahoe
B0CS6PWPND,pending_team_review,,,,,,"A-Premium AD200 Professional OBD2 Scanner Car Diagnostic Tool, OBDII EOBD Code Reader, Enhanced Check Car Engine Light Diagnostic Scan Tool, Upgraded Fault Code Scanner for All Vehicles from 1996"
B0CXT29T1V,pending_team_review,,,,,,"PIT66 3rd Brake Light, Fit 1999-2006 Chevy Silverado GMC Sierra 1500 2500 3500 & HD | Compatible with 1999-2006 Chevy Silverado GMC Sierra 1500 2500 3500 & HD/Fit 2007 Silverado Sierra 1500 2500 3500 & HD"
B0DGLF5QG3,pending_team_review,,,,,,"YZONA Crew Cab Running Boards Side Steps Compatible with 2009-2014 Ford F150 F-150 Super Duty SuperCrew Cab (4 Full Size Doors), Two Stairs Design Nerf Bar Side Rail Rock Sliders, Black Powder Coated"
B0DJX4LGG4,pending_team_review,,,,,,"Car Floor Mats for Chevy Silverado & for GMC Sierra: 1500 Accessories Crewcab 2007-2013, 2500HD/3500HD Crewcab Floor Liner for Silverado & for Sierra 2007-2014 (Not Hybrid), All Weather TPE Custom Mat"
B0DT14B3DN,pending_team_review,,,,,,"Auxbeam XP-Ultra Series 4.5'' Pod Light Covers, Black Cube Offroad Covers Waterproof Polycarbonate Protective Lens for LED Pods Driving Fog Lights (Fit for ZD000879 ZD000880 ZD000881)"
B0DZ667YVB,pending_team_review,,,,,,"H6054 5x7 7x6 Led Headlights for Off-road, 6000K White High Brightness Headlamp, DOT Approved High Low Sealed Beam, 9003/H4 Light Bulbs with H6054 Glass LED Headlight Housing"
B0F333N68K,pending_team_review,,,,,,"SEALIGHT S2S 9005/HB3 H11/H8/H9/H16 Light Bulbs Combo, 100,000LM Super Brighter, 6500K Pure White 9005 H11 Fog Bulbs with 25000RPM Cooling Fan, 70K+ Hours Lifespan, 4-Pack for Cars/Trucks/SUVs"
B0F634TXKT,pending_team_review,,,,,,Nilight Floor Mats for Dodge Grand Caravan 7 Seats 2011-2021/2008-2016 Town & Country (Stow'n Go Only) All Weather Custom Fit Heavy Duty Floor Liners
B0F9WWGHB4,pending_team_review,,,,,,"Ratchet Straps 4 Pack - 1,826 Lbs Break Strength, Grey | 1 in x 15 Ft Medium Duty Ratchet Tie Down Straps with S Hooks Set for Truck, Cargo Van, Trailer, Motorcycle"
B0GSFXRH9D,pending_team_review,,,,,,"Azure Gray Metallic Tri-Coat(G4) Touch Up Paint Compatible with Ford,2-In-1 Car Scratch Remover Pen,Car Paint Scratch Repair Kit for Scratches,Chips & Nicks,2-PCS SET"
B0GVQRJGP2,pending_team_review,,,,,,"Termitor 2026 Latest H11 9005 LED Light Bulbs Combo, 100,000LM 1500% Brighter, No Flickering No Adapter Required, 70K+ Hrs Lifespan, 1:1 Halogen Driving Light Bulbs Size, Plug N Play, Pack of 4"
B0H26Y8RF8,pending_team_review,,,,,,"Agate Black Metallic UM Touch Up Paint Compatible with Ford, All in One Car Scratch Repair Kit with Primer Putty & Clear Coat, Complete Sanding Tools Set for Scratches Chips Nicks"
B00EK59IUO,pending_team_review,,,,,,Topline Autopart JDM Amber Lens Signal Parking Corner Lights Lamps YD 92-95 Honda Civic 2D 3D EG EG6
B01FYPTEK2,pending_team_review,seller_sku,smk2-g352d-sm-901,smk2-g352d-sm,,,Topline_autopart Smoke Clear Housing Front Bumper Turn Signal Lights Parking Lamps Side Marker Reflector k2 Compatible With 03-07 G35 2 Door Coupe
B07Q9KF9K6,pending_team_review,title,fg-ram131500-bh-ch-601,fg-ram131500-bh-ch,2013-2018-ram-1500-2019-2024-ram-1500-classic-big-horn-style-front-grille-chrome,DRAFT,Chrome Big Horn Style Horizontal Front Hood Bumper Grill Grille Guard ABS With Shell Compatible With 13-18 Dodge Ram 1500/19-24 Classic
B087LSCGZ8,pending_team_review,title,tc-sil14-6.5-lth-601,tc-sil14-6.5-lth,2014-2018-chevy-silverado-gmc-sierra-6-5ft-hard-tri-fold-tonneau,ACTIVE,"Low Profile Hard Tri Fold Aluminum Truck Bed Tonneau Cover Compatible with 14-18 Chevy Silverado GMC Sierra 1500/2019 LD Limited / 15-19 2500 3500 HD 6.5 Ft (78"") Bed"
B087M33PN8,pending_team_review,title,tc-sil19-5.8-lth-601,tc-sil19-5.8-lth,2019-chevy-silverado-gmc-sierra-5-8ft-hard-tri-fold-tonneau-cover,ACTIVE,"Low Profile Hard Tri Fold Aluminum Truck Bed Tonneau Cover Compatible with 19-26 Chevy Silverado GMC Sierra 1500/2022 LTD Limited 5.8 Ft (69.9"") Short Bed"
B08DJ8PNRN,pending_team_review,,,,,,D03 Turbulence Gray Touch Up Paint Kit for Toyota 0.84 fl oz
B08KW6PZ2S,pending_team_review,,,,,,"AUXLIGHT H3 LED Fog Light DRL Bulbs, 3000 Lumens Extremely Bright Bulbs Replacement for Cars, Trucks, 6000K Xenon White"
B08SQQYZ6Q,pending_team_review,title,fg-ram02-rvt-me-bk-801,fg-ram02-rvt-me-bk,2002-2005-dodge-ram-rivet-style-mesh-front-grille-black-abs,ACTIVE,TLAPS 7422440662687 Compatible With 2002-2005 Dodge Ram 1500/2003-2005 2500 3500 Glossy Black Rivet Bolt Steel Mesh Front Bumper Grill Grille
B08TGYDNJJ,pending_team_review,title,thjz-rhs-3-bk-801,thjz-rhs-3-bk,universal-2-tube-3-steel-rear-hitch-step-black,ACTIVE,"TLAPS 7422451657634 Universal Compatible with 2"" x 2"" Towing Receiver Black 3 Inch Tube Trailer Tow Mount Rear Hitch Step Bar Bumper Guard"
B095W23DZQ,pending_team_review,title,th-xd07-a491-801,th-xd07-a491,2008-2010-scion-xd-class-1-trailer-hitch-black-11491,ACTIVE,"TLAPS 7422457844816 Compatible with 2008-2010 Scion xD Class 1 I Black 1.25"" Receiver Trailer Hitch"
B099DGKZ4K,pending_team_review,title,tbm-tit04-5.7-rb-v2-801,tbm-tit04-5.7-rb-v2,2004-2024-nissan-titan-5-7-ft-rubber-truck-bed-mat-aa009-v2,ACTIVE,"TLAPS 7422440557570 Compatible with 2004-2024 Titan 5.7 Feet (68.4"") Short Bed Black Rubber Horizontal Line Truck Bed Mat"
B099DHTT18,pending_team_review,title,tbm-rang93-6-rb-v2-801,tbm-rang93-6-rb-v2,1993-2011-ford-ranger-mazda-b-series-6-ft-bed-rubber-truck-bed-mat-lightweight-v2,DRAFT,"TLAPS 7422453010055 Compatible with 1993-2011 Ford Ranger / 1994-2010 Mazda B2300 B2500 B3000 B4000 6 Feet (72"") Short Bed Black Rubber Horizontal Line Truck Bed Mat"
B099DW5XZS,pending_team_review,title,tbm-f15097-6.5-rb-v2-801,tbm-f15097-6.5-rb-v2,1997-2004-ford-f-150-f-250-6-5-ft-bed-rubber-truck-bed-mat-v2,ACTIVE,"TLAPS 7422441067023 Compatible with 1997-2003 Ford F150 / 1997-1999 F250 Light Duty / 2004 F150 Heritage 6.5 Feet (78"") Bed Black Rubber Horizontal Line Truck Bed Mat"
B09SVZHBS9,pending_team_review,title,hlnb-ram02lsq-jdma-801,hlnb-ram02lsq-jdma,2002-2005-dodge-ram-crystal-headlights-w-sequential-led-bar-black,DRAFT,TLAPS 7422439756779 Compatible With 2002-2005 Dodge Ram 1500/2003-2005 2500 3500 Switchback Sequential LED Strip Bar Black Housing Headlights With Amber Reflector
B0BNWP13Q5,pending_team_review,title,hlnb-sie07lsq-cha-801,hlnb-sie07lsq-cha,07-13-gmc-sierra-1500-2500-3500-chrome-crystal-led-headlights,ACTIVE,TLAPS 7422450256258 Compatible With 2007-2013 GMC Sierra 1500/2007-2014 2500 3500 HD Switchback Sequential LED Strip Bar Chrome Housing Headlights With Amber Reflector
B0CDNY4QFN,pending_team_review,title,rr-ma-fron22-801,rr-ma-fron22,,,TLAPS 7422445441416 Compatible with 2022-2026 Frontier Crew Cab Black Modular Window Frames Roof Rack Cargo Basket Luggage Carrier with Wind Fairing
B0D1XMYV5Y,pending_team_review,,,,,,Rear Step Bumper Compatible with 99-07 Chevy Silverado 1500 2500 Compatible with GMC Sierra 1500 2500 1999-2007 Fleetside Steel Bumper Cover without Parking Sensor Holes Chrome GM1103122 12496085
B0DSKM94HB,pending_team_review,,,,,,Hooke Road Front Turn Signal Lights Parking Light LED Amber Lamps and White DRL with Smoke Lens for 1976-1986 Jeep CJ5 CJ7 CJ8 Scrambler (Pack of 2)
B0FD3W39WH,pending_team_review,,,,,,"SEALIGHT H1 Fog Bulbs, 70,000LM Super Brighterness 1:1 Mini Size, 6500K Cool White Fog Lights, 3 Minutes Inatallation, Pack of 2"
B0GGLGZBMG,pending_team_review,,,,,,"2 Inch Receiver Hitch Step Rear Bumper Guard Protector, Anti Slip Black Polymer Step with Pin Lock, Universal Tow Hitch for SUV Pickup Trailer"
B00EK5D8A0,pending_team_review,,,,,,Topline Autopart Chrome Clear Head Lights Lamps Left+Right Dy 88-00 Chevy Gmc C10 C/K Truck Suv
B00MJ44UJM,pending_team_review,,,,,,Topline_autopart i3 vssil07xc Window Visor
B07JL6XBS8,pending_team_review,title,tbm-sil07-5.8-rb-gy-601,tbm-sil07-5.8-rb-gy,07-18-chevy-silverado-gmc-sierra-5-8-bed-rubber-mat-grey,ACTIVE,"Black Rubber Diamond Plate Truck Bed Floor Mat Liner Compatible with 07-18 Chevy Silverado/GMC Sierra 5.8 Feet (69.6"") Short Bed"
B07MDF51NJ,pending_team_review,title,vs-pat05-601,vs-pat05,,,Curved Style Smoke Window Visors Deflector Vent Shade Guard 4 Pieces Compatible with 05-12 Pathfinder
B0833LR3NK,pending_team_review,seller_sku,hlplnb-sil07fled-ab-901,hlplnb-sil07fled-ab,07-14-chevy-silverado-full-led-projector-headlights-black-amber,ACTIVE,Topline_autopart Sequential Black Housing Full LED Tri Projector Headlights Signal Lamps Amber Reflector nb Compatible With 07-13 Chevy Silverado 1500/07-14 2500 3500 HD Pickup Truck
B095W3NXPT,pending_team_review,title,th-xte05-c514-801,th-xte05-c514,2005-2015-nissan-xterra-class-3-trailer-hitch-black-13514,ACTIVE,"TLAPS 7422440011096 Compatible with 2005-2015 Xterra Class 3 III Black 2"" Receiver Trailer Hitch"
B099DRC5W9,pending_team_review,title,tbm-f15004-5.5-rb-v2-801,tbm-f15004-5.5-rb-v2,2004-2014-ford-f-150-lincoln-mark-lt-5-5ft-bed-rubber-mat,ACTIVE,"TLAPS 7422446857858 Compatible with 2004-2014 Ford F150 / 2006-2008 Lincoln Mark LT 5.5 Feet (66"") Bed Black Rubber Horizontal Line Truck Bed Mat"
B09SVZT1JM,pending_team_review,title,hlnb-f15009lbw-cha-801,hlnb-f15009lbw-cha,09-14-ford-f-150-led-crystal-headlights-chrome-w-amber-light-bar,ACTIVE,TLAPS 7422437379345 Compatible With 2009-2014 Ford F150 DRL LED Strip Bar Chrome Housing Headlights With Amber Reflector
B09T5S7CCJ,pending_team_review,title,hlpnb-f15004lsq-ac-801,hlpnb-f15004lsq-ac,04-08-ford-f-150-projector-headlights-sequential-led-chrome,ACTIVE,TLAPS 7422453584563 Compatible with 2004-2008 Ford F150 / 2006-2008 Lincoln Mark LT Switchback Sequential LED Strip Bar Chrome Housing Projector Headlights with Amber Reflector
B09VN7H9M2,pending_team_review,title,hlplnb-ram02flsq-ab-801,hlplnb-ram02flsq-ab,02-05-dodge-ram-full-led-projector-headlights-sequential-signal-black,ACTIVE,TLAPS 7422438352347 Compatible With 2002-2005 Dodge Ram 1500/2003-2005 2500 3500 Switchback Sequential Full LED Strip Bar Black Housing Projector Headlights With Amber Reflector
B09XCFFL52,pending_team_review,title,hlnb-impa06lsq-jdma-801,hlnb-impa06lsq-jdma,06-13-chevy-impala-sequential-led-crystal-headlights-black,ACTIVE,TLAPS 7422438275257 Compatible With 2006-2013 Chevy Impala / 2014-2016 Limited / 2006-2007 Monte Carlo Sequential LED Strip Bar Black Housing Headlights With Amber Reflector
B09XCGPWBW,pending_team_review,title,hlnb-sie07lbw-jdma-801,hlnb-sie07lbw-jdma,07-13-gmc-sierra-1500-2500-3500-led-crystal-headlights-black,ACTIVE,TLAPS 7422452957986 Compatible With 2007-2013 GMC Sierra 1500/2007-2014 2500 3500 HD DRL LED Strip Bar Black Housing Headlights With Amber Reflector
B0BPN9WKLG,pending_team_review,title,hlnb-taco016plbw-jdma-801,hlnb-taco016plbw-jdma,01-04-toyota-tacoma-crystal-headlights-6pc-led-light-bar-black,ACTIVE,TLAPS 7422438193124 Compatible With 2001-2004 Toyota Tacoma DRL LED Strip Bar Black Housing Headlights With Signal Bumper + Corner Lamps Amber Reflector 6-Pieces Design
B0DKTNVDQR,pending_team_review,,,,,,"SEALIGHT 9006/HB4 LED Bulbs, 70,000LM 900% Super Bright 6500K Cool White, 1:1 Mini Size Wireless Fog Light Bulbs with Copper Tube Cooling, CANBUS Ready Plug-N-Play, Pack of 2"
B0DLGFJTLJ,pending_team_review,,,,,,2PCS OE Style Headlight Assembly Set For 2003 2004 2005 2006 2007 2008 Toyota Corolla CE LE S Sedan Replacement Front Headlamps Chrome Housing Amber Reflector Driver and Passenger Side
B00ENONGQO,pending_team_review,,,,,,Black Mesh Front Hood Bumper Grill Grille/Fog Lights Hole 05-09 Ford Mustang Gt
B00MJDXGZM,pending_team_review,title,hlpk2-sil99hled-bb+blyd-sil99-jdm-601,hlpk2-sil99hled-bb+blyd-sil99-jdm,,,Black Clear Housing Projector Headlights With Halo LED k2 + Black Clear Housing Front Bumper Turn Signal Lights Parking Lamps yd Compatible With 99-02 Chevy Silverado / 00-06 Suburban Tahoe
B07F3NKZ7F,pending_team_review,title,fggg-grzf-is06-me-bk+em-is06-bk-601,fggg-grzf-is06-me-bk+em-is06-bk,2006-2008-lexus-is250-is350-front-grille-emblem-matte-black,ACTIVE,Glossy Black IS-F Sport Style Mesh Front Hood Bumper Grill Grille Guard ABS With Emblem Base Compatible With 06-08 Lexus IS250 / IS350
B07MT1SL71,pending_team_review,seller_sku,hlnb-ram09q-jdm-901,hlnb-ram09q-jdm,2009-2022-dodge-ram-crystal-black-headlights-quad-style,ACTIVE,Topline_autopart Quad Headlamp Style Black Clear Housing Crystal Headlights Signal Lamps nb Compatible With 09-18 Dodge Ram 1500/19-24 Classic / 10-18 2500 3500
B07V5KK9Z9,not_in_catalog,seller_sku,sbds-fj07-v2-mb+sbds-fj07-v2-br-901,sbds-fj07-v2-mb+sbds-fj07-v2-br,,,Matte Black Hoop Drop Step Side Nerf Bars Rail Running Boards v2 Compatible with 07-14 Toyota FJ Cruiser
B086RVCYWP,pending_team_review,,,,,,VULCAN Corner Protector - 4 Inch - Plastic Red - Case of 60
B08SQCC471,pending_team_review,title,fggg-gra-disc05-me-chbk-801,fggg-gra-disc05-me-chbk,2005-2009-land-rover-lr3-honeycomb-mesh-front-grille-chrome-black,ACTIVE,TLAPS 7422440336397 Compatible With 2005-2009 Land Rover LR3 Discovery 3 Chrome Black Honeycomb Mesh Front Bumper Grill Grille
B08SQQ1C8K,pending_team_review,title,fggg-grzv-escl02-vt-bk-801,fggg-grzv-escl02-vt-bk,2002-2006-cadillac-escalade-vertical-front-grille-black,DRAFT,TLAPS 7422445997906 Compatible With 2002-2006 Cadillac Escalade Glossy Black Vertical Front Bumper Grill Grille
B08SQTKYNH,pending_team_review,title,fggg-grz-taco05-h-bk-801,fggg-grz-taco05-h-bk,2005-2011-toyota-tacoma-front-grille-matte-black-mesh-style,ACTIVE,TLAPS 7422455883800 Compatible With 2005-2011 Toyota Tacoma Glossy Black Horizontal Front Bumper Grill Grille
B099DGDFW7,pending_team_review,title,tbm-taco05-6-rb-v2-801,tbm-taco05-6-rb-v2,2005-2022-toyota-tacoma-6ft-bed-rubber-mat-lightweight-v2,ACTIVE,"TLAPS 7422438816870 Compatible with 2005-2023 Toyota Tacoma 6 Feet (73.5"" / 73.7"") Long Bed Models Black Rubber Horizontal Line Truck Bed Mat"
B099DJQZ8K,pending_team_review,title,tbm-tun07-6.5-rb-v2-801,tbm-tun07-6.5-rb-v2,2007-2021-toyota-tundra-6-5ft-bed-rubber-mat-lightweight-v2,ACTIVE,"TLAPS 7422452642660 Compatible with 2007-2021 Toyota Tundra 6.5 Feet (78"") Bed Black Rubber Horizontal Line Truck Bed Mat"
B09KMN4162,pending_team_review,title,hlplnb-tun07fled-ab-601,hlplnb-tun07fled-ab,07-13-toyota-tundra-08-17-sequoia-full-led-projector-headlights-black,ACTIVE,Sequential Black Housing Full LED Quad Projector Headlights Signal Lamps Amber Reflector nb Compatible With 07-13 Toyota Tundra / 08-17 Sequoia
B09P3M2CC3,pending_team_review,title,tbm-ridge17-rb-gy-801,tbm-ridge17-rb-gy,2017-honda-ridgeline-rubber-truck-bed-mat-diamond-plate-style,ACTIVE,"TLAPS 7422440333303 Compatible with 2017-2026 Honda Ridgeline 5.3 Feet (64"") Bed Black Rubber Diamond Plate Truck Bed Mat"
B09TD9W8SQ,pending_team_review,title,hlplnb-f15009flsq-ac-801,hlplnb-f15009flsq-ac,09-14-ford-f-150-full-led-projector-headlights-sequential-chrome,ACTIVE,TLAPS 7422438117168 Compatible With 2009-2014 Ford F150 Switchback Sequential Full LED Strip Bar Chrome Housing Projector Headlights With Amber Reflector
B09TS584P2,pending_team_review,title,hlnb-ram09lsq-jdma-801,hlnb-ram09lsq-jdma,09-18-dodge-ram-crystal-headlights-sequential-led-turn-signal-black,ACTIVE,TLAPS 7422441771784 Compatible With 2009-2018 Dodge Ram 1500/2019-2024 Classic / 2010-2018 2500 3500 Switchback Sequential LED Strip Bar Black Housing Headlights With Amber Reflector
B0B9F9LK5G,pending_team_review,title,hlnb-tun07lsq-jdma-801,hlnb-tun07lsq-jdma,07-13-toyota-tundra-08-15-sequoia-led-crystal-headlights-black-1,ACTIVE,TLAPS 7422438454492 Compatible With 2007-2013 Toyota Tundra / 2008-2017 Sequoia Switchback Sequential LED Strip Bar Black Housing Headlights With Amber Reflector
B0C84NM5NJ,pending_team_review,title,hlnb-sil994plsq-cha-801,hlnb-sil994plsq-cha,1999-2002-chevrolet-silverado-crystal-headlights-parking-lights-4pc-set-w-sequential-led-bar-chrome,DRAFT,TLAPS 7422446760721 Compatible With 1999-2002 Chevy Silverado / 2000-2006 Suburban Tahoe Switchback Sequential LED Strip Bar Chrome Housing Headlights With Signal Bumper Lamps Amber Reflector 4-Pieces
B00EK5F6JQ,pending_team_review,,,,,,Crystal Smoke Head Lights Lamps Signal Amber Left+Right Dy 02-05 Dodge Ram Truck
B00TXX2260,pending_team_review,,,,,,"Boomerang 35"" Rigid Tire Cover - (Hard Plastic Face & Vinyl Band) - Union Jack"
B016XBSYZW,pending_team_review,title,vs-rav96-601,vs-rav96,,,Curved Style Smoke Window Visors Deflector Vent Shade Guard 4 Pieces Compatible with 96-00 Toyota RAV4
B01MU1AQQK,pending_team_review,seller_sku,tbm-tit04-5.7-rb-gy-901,tbm-tit04-5.7-rb-gy,2004-2024-nissan-titan-5-7-bed-rubber-truck-bed-mat-grey,ACTIVE,"Topline_autopart Black Rubber Diamond Plate Truck Bed Floor Mat Liner Compatible with 04-24 Titan 5.7 Ft (68.4"") Short Bed"
B071GWF34J,pending_team_review,,,,,,Topline_autopart Black Clear Housing Headlights With Signal Bumper Lamps 4-Pieces NB For 99-06 GMC Sierra / 2007 Classic Style / 00-06 Yukon / XL
B07MNRB7TN,pending_team_review,title,vs-yuk00-601,vs-yuk00,,,Classic Style Smoke Window Visors Deflector Vent Shade Guard 4 Pieces Compatible with 00-06 Chevy Tahoe/GMC Yukon
B07PZFTRX9,wrong_map_removed,seller_sku,rbjz-br-sil07-6p+rbjz-86-6-oe-mb-901,rbjz-br-sil07-6p+rbjz-86-6-oe-mb,,,"6"" OE Style with Polymer Stripes Matte Black Aluminum Side Step Rail Running Boards jz Compatible with 07-18 Chevy Silverado/GMC Sierra Crew Cab"
B0832K18QL,not_in_catalog,title,s223043-601,s223043,,,"4"" Oval Bent End Black Side Step Nerf Bars Rail Running Boards Compatible with 15-22 Ford F150 SuperCrew / 17-22 F250 F350 F450 F550 Superduty Crew Cab"
B086MNRSY4,pending_team_review,seller_sku,tbm-fron05-4.6-rb-v2-901,tbm-fron05-4.6-rb-v2,2005-2021-nissan-frontier-5ft-bed-rubber-mat-lightweight-v2,ACTIVE,"Topline_autopart Black Rubber Horizontal Line Truck Bed Floor Mat Liner v2 Compatible with 05-21 Frontier / 09-12 Suzuki Equator 5 Ft (60"") Short Bed"
B087LYSTZQ,mapped_low_confidence_likely_wrong,title,tc-sil99-6.5-lth-601,tc-sil99-6.5-lth,1999-2007-chevrolet-silverado-gmc-sierra-fleetside-6-5-ft-bed-hard-tri-fold-tonneau-cover-low-profile,DRAFT,"Low Profile Hard Tri Fold Aluminum Truck Bed Tonneau Cover Compatible with 99-06 Chevy Silverado GMC Sierra / 2007 Classic 6.5 Ft (78"") Short Bed"
B08SG6QK4G,pending_team_review,title,hlplnb-sie07fled-ab-801,hlplnb-sie07fled-ab,2007-2013-gmc-sierra-1500-2007-2014-2500-3500-hd-full-led-projector-headlights-black-w-amber,DRAFT,TLAPS 7422440051092 Compatible With 2007-2013 GMC Sierra 1500/2007-2014 2500 3500 HD Black Housing Full LED Sequential Tri Projector Headlights With Amber Reflector
B08SQF49T2,pending_team_review,title,fg-ram94-me-bk-801,fg-ram94-me-bk,1994-2002-dodge-ram-1500-2500-3500-mesh-front-grille-black,ACTIVE,TLAPS 7422440870891 Compatible With 1994-2001 Dodge Ram 1500/1994-2002 2500 3500 Glossy Black Mesh Front Bumper Grill Grille
B08SQKDFCF,pending_team_review,title,fg-grzv-sil07-mb-801,fg-grzv-sil07-mb,2007-2013-chevy-silverado-1500-vertical-front-grille-matte-black,ACTIVE,TLAPS 7422450650629 Compatible With 2007-2013 Chevy Silverado 1500 Matte Black Vertical Front Bumper Grill Grille
B08WJZ41DP,pending_team_review,title,hlks-dak97hled-jdma-801,hlks-dak97hled-jdma,,,TLAPS 7422447477420 Compatible With 1997-2004 Dodge Dakota / 1998-2003 Durango Matte Black Housing LED Halo Headlights With Amber Reflector 1-Piece Design
B095VGN3MP,pending_team_review,title,th-tit04-c199-801,th-tit04-c199,2004-2015-nissan-titan-class-3-trailer-hitch-black-13199,ACTIVE,"TLAPS 7422445217264 Compatible with 2004-2015 Titan Class 3 III Black 2"" Receiver Trailer Hitch"
B09883ZMBZ,pending_team_review,,,,,,PMC Black Berry Touch Up Paint Kit for Jaguar 0.84 fl oz
B098WFCZLX,pending_team_review,title,fggg-grzf-is06-me-bk+em-is06-bk-801,fggg-grzf-is06-me-bk+em-is06-bk,2006-2008-lexus-is250-is350-front-grille-emblem-matte-black,ACTIVE,TLAPS 7422452431486 Compatible With 2006-2008 Lexus IS250 / IS350 Glossy Black IS-F Sport Mesh Front Bumper Grill Grille With Emblem Base
B098WY6F7Y,pending_team_review,title,fg-gr-a308-rs-bk+em-audi-s3-801,fg-gr-a308-rs-bk+em-audi-s3,,,TLAPS 7422453659605 Compatible With 2008-2011 Audi A3 8P Glossy Black RS-Honeycomb Mesh Front Bumper Grill Grille With Emblem Base
B099DHDYCC,pending_team_review,title,tbm-sil07-5.8-rb-v2-801,tbm-sil07-5.8-rb-v2,07-18-silverado-sierra-5-8ft-rubber-truck-bed-mat-v2,ACTIVE,"TLAPS 7422443941963 Compatible with 2007-2018 Chevy Silverado/GMC Sierra 5.8 Feet (68"") Short Bed Black Rubber Horizontal Line Truck Bed Mat"
B099DLVDBQ,pending_team_review,title,tbm-sil99-6.5-rb-v2-801,tbm-sil99-6.5-rb-v2,1999-2007-silverado-sierra-6-5ft-rubber-truck-bed-mat-aa025-v2,ACTIVE,"TLAPS 7422444460401 Compatible with 1999-2006 Chevy Silverado GMC Sierra / 2007 Classic 6.5 Feet (78"") Short Bed Black Rubber Horizontal Line Truck Bed Mat"
B09SVY8V5Q,pending_team_review,title,hlnb-f15009lsq-jdma-801,hlnb-f15009lsq-jdma,09-14-ford-f-150-led-crystal-headlights-sequential-signal-black,ACTIVE,TLAPS 7422449185170 Compatible With 2009-2014 Ford F150 Switchback Sequential LED Strip Bar Black Housing Headlights With Amber Reflector
B09TS4YR74,pending_team_review,title,hlnb-ram09lbw-cha-801,hlnb-ram09lbw-cha,09-18-dodge-ram-chrome-crystal-headlights-w-led-light-bar,ACTIVE,TLAPS 7422441877875 Compatible With 2009-2018 Dodge Ram 1500/2019-2024 Classic / 2010-2018 2500 3500 DRL LED Strip Bar Chrome Housing Headlights With Amber Reflector
B09XCFMKT7,pending_team_review,title,hlnb-impa06lbw-cha-801,hlnb-impa06lbw-cha,06-15-chevy-impala-monte-carlo-led-crystal-headlights-chrome,ACTIVE,TLAPS 7422450876807 Compatible With 2006-2013 Chevy Impala / 2014-2016 Limited / 2006-2007 Monte Carlo DRL LED Strip Bar Chrome Housing Headlights With Amber Reflector
B09XD3ZBB3,pending_team_review,title,hlnb-sil07lbw-jdma-801,hlnb-sil07lbw-jdma,07-13-chevy-silverado-1500-led-crystal-headlights-black-jdma,ACTIVE,TLAPS 7422441821830 Compatible With 2007-2013 Chevy Silverado 1500/2007-2014 2500 3500 HD DRL LED Strip Bar Black Housing Headlights With Amber Reflector
B0BPN9QJ6Y,pending_team_review,title,hlnb-taco014plsq-jdma-801,hlnb-taco014plsq-jdma,01-04-toyota-tacoma-crystal-headlights-w-sequential-led-black,ACTIVE,TLAPS 7422448547535 Compatible With 2001-2004 Toyota Tacoma Switchback Sequential LED Strip Bar Black Housing Headlights With Signal Corner Lamps Amber Reflector 4-Pieces Design
B0BXC6C13V,pending_team_review,title,hlpnb-ram09lbw-ab-801,hlpnb-ram09lbw-ab,09-18-dodge-ram-projector-headlights-led-light-bar-black-dgpu09d,ACTIVE,TLAPS 7422441775799 Compatible With 2009-2018 Dodge Ram 1500/2019-2024 Classic / 2010-2018 2500 3500 DRL LED Strip Bar Black Housing Projector Headlights With Amber Reflector
B0C5YPVMNV,pending_team_review,title,hlnb-sil03v24plsq-cha-801,hlnb-sil03v24plsq-cha,03-06-chevy-silverado-avalanche-chrome-led-headlights-4pc-set,ACTIVE,TLAPS 7422445287205 Compatible With 2003-2006 Chevy Silverado / 2007 Classic / 2002-2006 Avalanche Switchback Sequential LED Strip Bar Chrome Housing Headlights w/Signal Bumper Amber Reflector 4-Pcs
B0C9FR5G3S,pending_team_review,title,hlnb-rang014plbw-cha-801,hlnb-rang014plbw-cha,2001-2011-ford-ranger-crystal-headlights-w-corner-lights-4pc-set-led-bar-chrome,DRAFT,TLAPS 7422452140142 Compatible With 2001-2011 Ford Ranger DRL LED Strip Bar Chrome Housing Headlights With Signal Corner Lamps Amber Reflector 4-Pieces Design
B0CMXY952N,pending_team_review,,,,,,LED Headlight Kit Reverse Work Light Tail Lamp 7138040 7138041 6670284 Compatible with Bobcat A770 S450 S510 S530 S550 S570 S590 S595 S630 S650 S740 S750 S770 S850 T450 (Red taillights without bulbs)
B0FC6V6Q4B,pending_team_review,,,,,,"SEALIGHT 9005/HB3 Bulb, 70,000LM Super Brighter,6500K Cool White 9005/HB3 LED Bulbs or Fog,3 Min Quick Install Lights, Plug-N-Play, Pack of 2"
B01N1QAM0V,pending_team_review,title,fggg-gr-camy10-me-bk-601,fggg-gr-camy10-me-bk,2010-2011-toyota-camry-mesh-front-grille-black,ACTIVE,Glossy Black Mesh Front Hood Bumper Grill Grille Guard ABS Compatible With 10-11 Toyota Camry
B077KJNBJM,pending_team_review,title,bghd-taco05-am-mb-601,bghd-taco05-am-mb,2005-2015-toyota-tacoma-bull-guard-w-mesh-skid-plate-matte-black,ACTIVE,Matte Black Studded Mesh Bull Bar Brush Push Front Bumper Grill Grille Guard with Skid Plate Compatible with 05-15 Toyota Tacoma
B07H568ZB2,pending_team_review,title,hlnb-sil07-jdm+fg-grzv-sil07-mb-601,hlnb-sil07-jdm+fg-grzv-sil07-mb,,,Black Clear Housing Crystal Headlights Signal Lamps nb + Matte Black Vertical Front Hood Bumper Grill Grille Guard ABS Compatible With 07-13 Chevy Silverado 1500
B07KCSKDNR,not_in_catalog,seller_sku,th-rod98-c222-601,th-rod98-c222,1998-2004-isuzu-rodeo-1998-2002-honda-passport-class-3-trailer-hitch-receiver-2-inch,DRAFT,"Stehlen 733469488828 Compatible with 1998-2003 Isuzu Rodeo / 2004 Rodeo / 1998-2002 Honda Passport / 2002-2003 Isuzu Axiom with Under-Vehicle Spare Class 3 Trailer Tow Hitch Receiver 2"""
B07LBZTL2H,pending_team_review,title,fggg-gr-pas03-h-bk-601,fggg-gr-pas03-h-bk,2001-2005-volkswagen-passat-b5-5-front-grille-matte-black,ACTIVE,Glossy Black Horizontal Front Hood Bumper Grill Grille Guard ABS Compatible With 01-05 VW Passat B5.5
B07M9T4MBR,pending_team_review,title,vs-gal99-601,vs-gal99,,,Curved Style Smoke Window Visors Deflector Vent Shade Guard 4 Pieces Compatible with 99-03 Mitsubishi Galant
B07MDF528K,not_in_catalog,title,vs-camy02v2-601,vs-camy02v2,,,Curved Style Smoke Window Visors Deflector Vent Shade Guard 4 Pieces v2 Compatible with 02-06 Toyota Camry
B07MDF5GKH,pending_team_review,title,vs-f15097-2p-601,vs-f15097-2p,,,Curved Style Smoke Window Visors Deflector Vent Shade Guard 2 Pieces Compatible with 97-03 Ford F150 / 2004 Heritage / 97-99 F250 Regular (Standard) / Super (Extended) Cab
B07MKDSXGV,not_in_catalog,seller_sku,th-flex09-c110-901,th-flex09-c110,2009-2019-ford-flex-2010-2019-lincoln-mkt-class-3-trailer-hitch-receiver-2-inch,DRAFT,"Class 3 III Black 2"" Receiver Tube Rear Bumper Trailer Tow Hitch Towing Mount Compatible with 09-19 Ford Flex Dual Exhaust / 10-19 Lincoln MKT EcoBoost Engine"
B07MNV366X,not_in_catalog,title,vs-expl024d-601,vs-expl024d,,,Curved Style Smoke Window Visors Deflector Vent Shade Guard 4 Pieces Compatible with 02-10 Ford Explorer 4 Door/Mercury Mountaineer / 03-05 Lincoln Aviator
B07NDQ6R3K,pending_team_review,seller_sku,uss-sil14cc-bk-901,uss-sil14cc-bk,2014-2019-silverado-sierra-rear-underseat-storage-organizer-box,ACTIVE,Topline_autopart Black Gearbox Underseat Storage Cargo Organizer Box Compatible With 14-18 Chevy Silverado GMC Sierra 1500/15-19 2500/3500 HD Crew Cab
B0825H779M,pending_team_review,title,vs-foc124d-601,vs-foc124d,,,Curved Style Smoke Window Visors Deflector Vent Shade Guard 4 Pieces Compatible with 12-17 Ford Focus 4 Door Sedan/Hatchback
B085ZLXQ44,pending_team_review,title,tbm-taco05-6-rb-v2-601,tbm-taco05-6-rb-v2,2005-2022-toyota-tacoma-6ft-bed-rubber-mat-lightweight-v2,ACTIVE,"Black Rubber Horizontal Line Truck Bed Floor Mat Liner v2 Compatible with 05-23 Toyota Tacoma 6 Ft (73.5"" / 73.7"") Long Bed Models"
B086M8CWBW,pending_team_review,title,tbm-sil99-8-rb-v2-601,tbm-sil99-8-rb-v2,1999-2007-silverado-sierra-8ft-bed-rubber-mat-lightweight-v2,ACTIVE,"Black Rubber Horizontal Line Truck Bed Floor Mat Liner v2 Compatible with 99-06 Chevy Silverado/GMC Sierra 1500 2500 3500 HD / 2007 Classic Body 8 Feet (96"") Long Bed"
B088D46SXV,not_in_catalog,seller_sku,fggg-grzt-hhr06-me-mb-601,fggg-grzt-hhr06-me-mb,2006-2011-chevrolet-hhr-bentley-style-mesh-grille-matte-black,DRAFT,Stehlen 642167820888 Compatible With 2006-2011 Chevy HHR Mesh Front Hood Bumper Grille - Matte Black
B08PQCNQF2,not_in_catalog,title,sbrs-colo15cc-rs2-tb-601,sbrs-colo15cc-rs2-tb,2015-2022-chevrolet-colorado-gmc-canyon-crew-cab-rock-slider-side-step-bars-texture-black,DRAFT,Textured Black Round Pattern Rock Slider Rocker Style Side Step Rail Nerf Bars Running Boards Compatible with 15-22 Chevy Colorado/GMC Canyon Crew Cab
B08RWJHZVW,pending_team_review,title,bghd-colo15-am-mb-801,bghd-colo15-am-mb,2015-2022-chevrolet-colorado-gmc-canyon-bull-guard-w-studded-mesh-skid-plate-matte-black,DRAFT,TLAPS 7422438549518 Compatible With 2015-2022 Chevy Colorado/GMC Canyon Matte Black Studded Mesh Style Bull Bar Guard with Skid Plate
B08SGK792V,pending_team_review,title,hlplnb-sil07fled-ab-801,hlplnb-sil07fled-ab,07-14-chevy-silverado-full-led-projector-headlights-black-amber,ACTIVE,TLAPS 7422455335392 Compatible With 2007-2013 Chevy Silverado 1500/2007-2014 2500 3500 HD Black Housing Full LED Sequential Tri Projector Headlights With Amber Reflector
B08SQBSJQS,pending_team_review,title,fggg-grz-fron05-vt-ch-801,fggg-grz-fron05-vt-ch,05-08-nissan-frontier-pathfinder-front-grille-chrome,ACTIVE,TLAPS 7422439514515 Compatible With 2005-2008 Frontier / 2005-2007 Pathfinder Chrome Vertical Front Bumper Grill Grille
B08SQDD2L6,pending_team_review,title,fggg-gr-rab06-me-bk-801,fggg-gr-rab06-me-bk,2006-2009-volkswagen-rabbit-front-grille-matte-black-mk5,ACTIVE,TLAPS 7422448158106 Compatible With 2006-2009 VW Golf Rabbit MK5 Glossy Black Aluminum Mesh Front Bumper Grill Grille
B08SQYH5TS,pending_team_review,title,fggg-grzt-blaz06lt-me-ch-801,fggg-grzt-blaz06lt-me-ch,2006-2009-chevy-trailblazer-lt-front-grille-chrome-mesh,ACTIVE,TLAPS 7422450995911 Compatible With 2006-2009 Chevy Trailblazer LT / 2006 Trailblazer EXT LT Chrome Mesh Front Bumper Grill Grille
B08TH5XG9L,pending_team_review,title,fg-grbd-dnl07lower-bk-801,fg-grbd-dnl07lower-bk,2007-2014-gmc-yukon-xl-front-lower-bumper-grille-black,ACTIVE,TLAPS 7422450488444 Compatible With 2007-2014 GMC Yukon/XL/Denali Glossy Black Round Hole Mesh Front Lower Bumper Grill Grille
B099D9H1NX,pending_team_review,title,tbm-fron05-4.6-rb-v2-801,tbm-fron05-4.6-rb-v2,2005-2021-nissan-frontier-5ft-bed-rubber-mat-lightweight-v2,ACTIVE,"TLAPS 7422448089011 Compatible with 2005-2021 Frontier / 2009-2012 Equator 5 Feet (60"") Short Bed Black Rubber Horizontal Line Truck Bed Mat"
B099DDXTDS,pending_team_review,title,tbm-ram09-5.5-rb-v2-801,tbm-ram09-5.5-rb-v2,02-22-dodge-ram-1500-2500-3500-5-7-bed-mat-w-rambox-v2,ACTIVE,"TLAPS 7422441462439 Compatible with 2002-2018 Dodge Ram / 2019-2024 Classic 5.7 Feet (68.4"") Short Bed with Rambox Cargo Management System Black Rubber Horizontal Line Truck Bed Mat"
B099DH3GD3,pending_team_review,title,tbm-f15015-6.5-rb-v2-801,tbm-f15015-6.5-rb-v2,2015-2024-ford-f-150-6-5-ft-bed-rubber-mat-lightweight-v2,ACTIVE,"TLAPS 7422445022028 Compatible with 2015-2026 Ford F150 6.5 Feet (78.9"") Bed Black Rubber Horizontal Line Truck Bed Mat"
B099DN2SPC,pending_team_review,title,tbm-ram02-6.5-rb-gy-801,tbm-ram02-6.5-rb-gy,02-22-dodge-ram-1500-2500-3500-6-5-bed-pvc-truck-bed-mat,ACTIVE,"TLAPS 7422438247216 Compatible with 2002-2018 Dodge Ram / 2019-2024 Classic 6.4 Feet (76.3"") / 6.5 Feet (78"") Bed Black Rubber Diamond Plate Truck Bed Mat"
B09T5QB353,pending_team_review,title,hlpnb-ram06lsq-ab-801,hlpnb-ram06lsq-ab,06-08-dodge-ram-sequential-led-projector-headlights-black,ACTIVE,TLAPS 7422452239266 Compatible With 2006-2008 Dodge Ram 1500/2006-2009 2500 3500 Switchback Sequential LED Strip Bar Black Housing Projector Headlights With Amber Reflector
B09TS4XBWM,pending_team_review,title,hlnb-tit04lbw-cha-801,hlnb-tit04lbw-cha,04-15-nissan-titan-crystal-headlights-w-led-light-bar-chrome,ACTIVE,TLAPS 7422438547569 Compatible With 2004-2015 Titan / 2004 2005-2007 Armada DRL LED Strip Bar Chrome Housing Headlights With Amber Reflector
B09V6P8MXB,pending_team_review,seller_sku,thjz-rhs-3-20-ch-901,thjz-rhs-3-20-ch,universal-3-stainless-steel-hitch-step-for-2-receivers-chrome,DRAFT,"Topline_autopart Universal 3 Inch Chrome Off Road Trailer Tow Mount Rear Hitch Step Bar Bumper Guard Compatible with 2"" x 2"" Towing Receiver Tube"
B09XZZQND6,pending_team_review,title,tbm-ram19-5.7-rb-v2-801,tbm-ram19-5.7-rb-v2,2019-dodge-ram-5-7-bed-rubber-truck-bed-mat-lightweight-v2,ACTIVE,"TLAPS 7422447159135 Compatible with 2019-2026 Dodge Ram 1500 5.7 Feet (68.4"") Short Bed Black Rubber Horizontal Line Truck Bed Mat"
B0B16YJQ12,pending_team_review,title,hlnb-tun14lbw-cha-801,hlnb-tun14lbw-cha,2014-2021-toyota-tundra-chrome-led-crystal-headlights-tytd14d,ACTIVE,TLAPS 7422446628632 Compatible With 2014-2021 Toyota Tundra SR / SR5 / Limited/TRD PRO DRL LED Strip Bar Chrome Housing Headlights With Amber Reflector
B0B9J8FY5K,pending_team_review,title,hlpnb-tun07lsq-ab-801,hlpnb-tun07lsq-ab,2007-2013-toyota-tundra-2008-2017-sequoia-projector-headlights-w-sequential-led-bar-black,DRAFT,TLAPS 7422448222210 Compatible With 2007-2013 Toyota Tundra / 2008-2017 Sequoia Switchback Sequential LED Strip Bar Black Housing Projector Headlights With Amber Reflector
B0B9J8SJH1,pending_team_review,,,,,,TLAPS 7422440623688 Compatible With 2014-2021 Toyota Tundra With Level Adjuster Switchback Sequential LED Strip Bar Chrome Housing Projector Headlights With Amber Reflector
B0C5Z3BFXM,pending_team_review,title,hlpnb-taco05lsq-ab-801,hlpnb-taco05lsq-ab,05-11-toyota-tacoma-projector-headlights-sequential-led-black,ACTIVE,TLAPS 7422443431419 Compatible With 2005-2011 Toyota Tacoma Switchback Sequential LED Strip Bar Black Housing Projector Headlights With Amber Reflector
B0D1X5R2RK,pending_team_review,,,,,,Steel Rear Step Bumper Compatible with 2009-2018 Ram 1500 Pickup and 2019 Ram 1500 Classic 3-Piece Modular Design Replacement Bumper Cover Black CH1103120 68049744AA 68049746AB
B01G6AHPKU,pending_team_review,title,blyd-acc96-e-601,blyd-acc96-e,,,Chrome Clear Housing Front Bumper Turn Signal Lights Parking Lamps yd Compatible With 96-97 Honda Accord
B06Y3MHZLS,pending_team_review,title,fggg-grb-mus05v6lo-h-bk-601,fggg-grb-mus05v6lo-h-bk,2005-2009-ford-mustang-v6-pony-package-front-lower-bumper-grille,ACTIVE,Glossy Black Horizontal Front Lower Bumper Grill Grille Guard ABS Compatible With 05-09 Ford Mustang V6 With Pony Package
B071SDM6H5,not_in_catalog,title,fg-yar064d-oe-mb-601,fg-yar064d-oe-mb,2007-2009-toyota-yaris-sedan-oe-style-front-grille-matte-black,DRAFT,Matte Black OE Honeycomb Mesh Front Hood Bumper Grill Grille Guard ABS Compatible With 06 07-09 Toyota Yaris 4 Door Sedan
B077KGWYVQ,pending_team_review,title,bghd-fron05-am-mb-601,bghd-fron05-am-mb,nissan-pathfinder-xterra-bull-guard-w-mesh-skid-plate-matte-black,ACTIVE,Matte Black Studded Mesh Bull Bar Brush Push Front Bumper Grill Grille Guard With Skid Plate Compatible With 05-21 Frontier / 05-07 Pathfinder / 05-15 Xterra
B07G7WKPZS,pending_team_review,,,,,,Matte Black IS-F Sport Style Mesh Front Hood Bumper Grill Grille Guard With Emblem Base ABS For Lexus IS250 / IS350 06-08
B07H8V4TGZ,not_in_catalog,seller_sku,fg-f25099-h-f-bk-901,fg-f25099-h-f-bk,,,Glossy Black Horizontal Front Hood Bumper Grill Grille Guard ABS With Fog Lights Compatible With 99-04 Ford F250 F350 F450 F550 Superduty / 00-04 Excursion
B07JJQP8V1,pending_team_review,title,vs-cob054d-601,vs-cob054d,,,Classic Style Smoke Window Visors Deflector Vent Shade Guard 4 Pieces Compatible with 05-10 Chevy Cobalt 4 Door Sedan
B07JKD6ZVB,not_in_catalog,title,th-cor03-a265-601,th-cor03-a265,2003-2019-toyota-corolla-class-1-trailer-hitch-receiver-1-25-inch,DRAFT,"Class 1 I Black 1.25"" Receiver Tube Rear Bumper Trailer Tow Hitch Towing Mount Compatible with 03-19 Toyota Corolla 4 Door Sedan"
B07JKLQPGL,not_in_catalog,title,th-piru04-a468-601,th-piru04-a468,2004-2009-toyota-prius-class-1-trailer-hitch-receiver-1-25-inch,DRAFT,"Class 1 I Black 1.25"" Receiver Tube Rear Bumper Trailer Tow Hitch Towing Mount Compatible with 04-09 Toyota Prius"
B07JR9DQS5,wrong_map_removed,seller_sku,sbhd-f15015cc-5-bk-901,sbhd-f15015cc-5-bk,2017-2022-ford-super-duty-crew-cab-5-steel-side-step-bars-black,ACTIVE,"5"" Oval Black Side Step Nerf Bars Rail Running Boards Compatible with 15-22 Ford F150 SuperCrew / 17-22 F250 F350 F450 F550 Superduty Crew Cab"
B07KY69DBS,pending_team_review,title,fg-ram131500-bh-mb-601,fg-ram131500-bh-mb,2013-2022-ram-1500-big-horn-style-front-grille-matte-black-abs,ACTIVE,Matte Black Big Horn Style Horizontal Front Hood Bumper Grill Grille Guard ABS With Shell Compatible With 13-18 Dodge Ram 1500/19-24 Classic
B07L8V34FL,wrong_map_removed,title,amazon-000350-602,amazon-000350,,,Glossy Black Round Hole Mesh Front Upper Hood Grill + Lower Bumper Grille Guard ABS Compatible With 07-14 GMC Yukon/XL/Denali
B07LC1H1QM,not_in_catalog,title,fg-nav98-vt-bk-601,fg-nav98-vt-bk,1998-2002-lincoln-navigator-vertical-style-front-grille-black,DRAFT,Glossy Black Vertical Front Hood Bumper Grill Grille Guard ABS Compatible With 98-02 Lincoln Navigator / 2002 Blackwood
B07LC3J8YJ,pending_team_review,title,fg-acc114d-mu-ch-601,fg-acc114d-mu-ch,2011-2012-honda-accord-sedan-front-grille-chrome-finish,ACTIVE,Chrome MU Style Front Hood Bumper Grill Grille Guard ABS Compatible With 11-12 Honda Accord 4 Door Sedan
B07M5J6QT6,not_in_catalog,title,smdp-cama85-c-601,smdp-cama85-c,,,Depo Chrome Clear Housing Front Bumper Turn Signal Lights Parking Lamps Side Marker Reflector dp Compatible With 85-92 Camaro/Firebird
B07M65DPSY,not_in_catalog,seller_sku,vs-taco05dc-in-901,vs-taco05dc-in,,,in Channel Classic Style Smoke Window Visors Deflector Vent Shade Guard 4 Pieces Compatible with 05-15 Toyota Tacoma Double (Crew) Cab
B07MD6SY8F,pending_team_review,title,th-sore03-c513-601,th-sore03-c513,2003-2009-kia-sorento-class-3-trailer-hitch-black-13513,ACTIVE,"Class 3 III Black 2"" Receiver Tube Rear Bumper Trailer Tow Hitch Towing Mount Compatible with 03-09 Sorento"
B07MKDT93Q,not_in_catalog,title,th-is06-a372-601,th-is06-a372,2006-2013-lexus-is250-is350-2006-2011-gs-class-1-trailer-hitch-receiver-1-25-inch,DRAFT,"Class 1 I Black 1.25"" Receiver Tube Rear Bumper Trailer Tow Hitch Towing Mount Compatible with 06-13 Lexus IS250 / IS350 / 06-11 GS300 / GS430 / GS350"
B07MNJ4DK4,not_in_catalog,seller_sku,th-golf99-a066-901,th-golf99-a066,1999-2006-volkswagen-golf-1998-2010-beetle-class-1-trailer-hitch-receiver-1-25-inch,DRAFT,"Class 1 I Black 1.25"" Receiver Tube Rear Bumper Trailer Tow Hitch Towing Mount Compatible with 99-06 VW Golf MK4 / 99-05 GTI / 98-10 Beetle Non-Turbo"
B07MR29YW2,pending_team_review,title,vs-equi05-601,vs-equi05,,,Curved Style Smoke Window Visors Deflector Vent Shade Guard 4 Pieces Compatible with 05-09 Chevy Equinox / 06-09 Pontiac Torrent
B07N9RCKXH,wrong_map_removed,seller_sku,tbm-f15001-5-rb-gy-901,tbm-f15001-5-rb-gy,2001-2003-ford-f-150-styleside-5-5-bed-pvc-truck-bed-mat-black,ACTIVE,"Topline_autopart Black Rubber Diamond Plate Truck Bed Floor Mat Liner Compatible with 01-03 Ford F150 5.5 Feet (66"") Short Bed"
B07TB1X4RZ,not_in_catalog,seller_sku,sbhd-taco05dc-4-20-ch-601,sbhd-taco05dc-4-20-ch,,,"Stehlen 733469496588 Compatible with 2005-2022 Toyota Tacoma Double (Crew) Cab 4"" Oval Side Step Nerf Bars - Stainless Steel"
B07W6365R4,pending_team_review,title,vs-sequ01-601,vs-sequ01,,,Curved Style Smoke Window Visors Deflector Vent Shade Guard 4 Pieces Compatible with 01-07 Toyota Sequoia
B085LWNF4J,not_in_catalog,seller_sku,fg-taco12oe-bk-601,fg-taco12oe-bk,2012-2015-toyota-tacoma-oem-style-front-grille-black,DRAFT,Stehlen 642167821496 Compatible With 2012-2015 Toyota Tacoma OE Mesh Front Hood Bumper Grille - Glossy Black
B085PPZQHP,mapped_low_confidence_likely_wrong,seller_sku,fg-escl02-me-bk-601,fg-escl02-me-bk,2002-2006-cadillac-escalade-mesh-front-grille-black,DRAFT,Stehlen 642167821670 Compatible With 2002-2006 Cadillac Escalade Mesh Front Hood Bumper Grille - Glossy Black
B086VT9855,not_in_catalog,title,fggg-grzt-taho07-me-ch-602,fggg-grzt-taho07-me-ch,2007-2014-chevrolet-tahoe-suburban-avalanche-mesh-front-grille-chrome,DRAFT,Chrome Mesh Front Hood Bumper Grill Grille Guard ABS 1 Piece Design Compatible With 07-13 Chevy Avalanche / 07-14 Tahoe Suburban
B087LTKW76,pending_team_review,title,tc-tun14-5.5-lth-601,tc-tun14-5.5-lth,2014-toyota-tundra-5-5ft-bed-hard-tri-fold-tonneau-cover-243364,ACTIVE,"Low Profile Hard Tri Fold Aluminum Truck Bed Tonneau Cover Compatible with 14-21 Toyota Tundra 5.5 Ft (66"") Short Bed"
B087LTYYJ7,pending_team_review,title,tc-tun14-6.5-lth-601,tc-tun14-6.5-lth,2014-toyota-tundra-6-5ft-bed-hard-tri-fold-tonneau-cover-243365,ACTIVE,"Low Profile Hard Tri Fold Aluminum Truck Bed Tonneau Cover Compatible with 14-21 Toyota Tundra 6.5 Ft (78"") Bed"
B08DF6W3B1,pending_team_review,title,fggg-gr-a401-h-bk-601,fggg-gr-a401-h-bk,2002-2005-audi-a4-s4-b6-front-grille-black,ACTIVE,Glossy Black Horizontal Front Hood Bumper Grill Grille Guard ABS Compatible With 02-05 Audi A4 / 04-05 S4 B6
B08JYG36VY,not_in_catalog,title,sbrs-f15015cc-rs2-tb-601,sbrs-f15015cc-rs2-tb,2015-2023-ford-f-150-2017-2022-super-duty-supercrew-rock-slider-side-step-bars-texture-black,DRAFT,Textured Black Round Pattern Rock Slider Rocker Style Side Step Rail Nerf Bars Running Boards Compatible with 15-22 Ford F150 SuperCrew / 17-22 F250 F350 F450 F550 Superduty Crew Cab
B08NSLGSY9,pending_team_review,seller_sku,hlplnb-ram09fled-ab-902,hlplnb-ram09fled-ab,2009-2022-dodge-ram-full-led-projector-headlights-black-amber,ACTIVE,Topline_autopart Sequential Black Housing Full LED Quad Projector Headlights Signal Lamps Amber Reflector nb Compatible With 09-18 Dodge Ram 1500/19-24 Classic / 10-18 2500 3500 Pickup
B08QZ4J46C,not_in_catalog,title,sbrs-taco05dc-rs2-tb-601,sbrs-taco05dc-rs2-tb,2005-2023-toyota-tacoma-double-cab-rock-slider-side-step-bars-texture-black,DRAFT,Textured Black Round Pattern Rock Slider Rocker Style Side Step Rail Nerf Bars Running Boards Compatible with 05-22 Toyota Tacoma Double (Crew) Cab
B08RWRCM7S,pending_team_review,title,bghd-fj07-am-mb-801,bghd-fj07-am-mb,2007-2014-toyota-fj-cruiser-bull-guard-w-studded-mesh-skid-plate-matte-black,DRAFT,TLAPS 7422457585580 Compatible with 2007-2014 Toyota FJ Cruiser Matte Black Studded Mesh Style Bull Bar Guard with Skid Plate
B08SQ2Z71Y,pending_team_review,title,fg-nav98-vt-bk-801,fg-nav98-vt-bk,1998-2002-lincoln-navigator-vertical-style-front-grille-black,DRAFT,TLAPS 7422447489423 Compatible With 1998-2002 Lincoln Navigator / 2002-2003 Blackwood Glossy Black Vertical Front Bumper Grill Grille
B08SQ3143V,pending_team_review,title,fggg-vent-rover06sp-chsl-801,fggg-vent-rover06sp-chsl,2006-2009-land-rover-range-rover-sport-fender-vent-grille-chrome-silver,DRAFT,TLAPS 7422451725715 Compatible With 2006-2009 Land Rover Range Rover Sport L320 Chrome Silver Honeycomb Mesh Front Side Fender Air Vent Grill Grille
B08SQGS9DG,pending_team_review,title,fggg-gr-imp04-me-mb-801,fggg-gr-imp04-me-mb,2004-2005-subaru-impreza-aluminum-mesh-grille-matte-black,ACTIVE,TLAPS 7422438866868 Compatible With 2004-2005 Subaru Impreza Matte Black Aluminum Mesh Front Bumper Grill Grille
B08SQKFQR6,pending_team_review,title,fggg-gr-golf99-h-bk-801,fggg-gr-golf99-h-bk,1999-2006-volkswagen-golf-mk4-horizontal-front-grille-black,DRAFT,TLAPS 7422454947909 Compatible With 1999-2006 VW Golf/GTI / R32 MK4 Glossy Black Horizontal Front Bumper Grill Grille
B08SQYG6R3,pending_team_review,title,fg-tor03-h-bk-801,fg-tor03-h-bk,2004-2007-volkswagen-touareg-front-grille-black-torg-0206-bk,ACTIVE,TLAPS 7422447113175 Compatible With 2003-2007 VW Touareg Glossy Black Horizontal Front Bumper Grill Grille
B09258DSQN,pending_team_review,title,tc-sil99-6.5-lru-801,tc-sil99-6.5-lru,99-07-chevy-silverado-gmc-sierra-6-5-roll-up-tonneau-cover,ACTIVE,"TLAPS 7422444498411 Compatible with 1999-2006 Chevy Silverado GMC Sierra / 2007 Classic 6.5 Feet (78"") Short Bed Lock & Roll Up Vinyl Truck Bed Tonneau Cover"
B095W7Y35Z,pending_team_review,title,th-dur04-c072-801,th-dur04-c072,2004-2009-dodge-durango-chrysler-aspen-class-3-trailer-hitch,ACTIVE,"TLAPS 7422455585568 Compatible with 2004-2009 Dodge Durango / 2007-2009 Chrysler Aspen Class 3 III Black 2"" Receiver Trailer Hitch"
B099DHNC69,pending_team_review,title,tbm-colo04-6-rb-gy-801,tbm-colo04-6-rb-gy,2004-2012-chevy-colorado-gmc-canyon-6-bed-rubber-mat-grey,ACTIVE,"TLAPS 7422439643628 Compatible with 2004-2012 Chevy Colorado/GMC Canyon 6 Feet (72"") Bed Black Rubber Diamond Plate Truck Bed Mat"
B09C2RYSMT,pending_team_review,title,tbm-sil19-5.8-rb-gy-801,tbm-sil19-5.8-rb-gy,2019-2022-chevy-silverado-gmc-sierra-5-8-rubber-truck-bed-mat,ACTIVE,"TLAPS 7422440062029 Compatible with 2019-2026 Chevy Silverado GMC Sierra 1500/2022 LTD Limited 5.8 Feet (68"") Short Bed Black Rubber Diamond Plate Truck Bed Mat"
B09GXQNNZ6,pending_team_review,title,bghd-sil191500-al-mbba-601,bghd-sil191500-al-mbba,2019-2022-chevy-silverado-gmc-sierra-1500-bull-guard-led-matte-black,ACTIVE,Matte Black AVT Style Aluminum LED Light Bull Bar Brush Push Front Bumper Grill Grille Guard With Stainless Skid Plate Compatible With 19-21 Chevy Silverado GMC Sierra 1500/2022 LTD Limited
B09TS48JW1,pending_team_review,title,hlnb-tit04lsq-jdma-801,hlnb-tit04lsq-jdma,04-15-nissan-titan-sequential-led-crystal-headlights-black,ACTIVE,TLAPS 7422443198145 Compatible With 2004-2015 Titan / 2004 2005-2007 Armada Switchback Sequential LED Strip Bar Black Housing Headlights With Amber Reflector
B0BNWPCTCS,pending_team_review,title,hlnb-sil034plsq-cha-801,hlnb-sil034plsq-cha,03-06-chevy-silverado-avalanche-chrome-led-sequential-headlights-4pc,ACTIVE,TLAPS 7422438422408 Compatible With 2003-2006 Chevy Silverado / 2007 Classic / 2002-2006 Avalanche Switchback Sequential LED Strip Bar Chrome Housing Headlights w/Signal Bumper Amber Reflector 4-Pcs
B0BPNB39HH,pending_team_review,title,hlnb-tun054plbw-jdma-801,hlnb-tun054plbw-jdma,05-06-toyota-tundra-black-crystal-headlights-w-led-light-bar-4pc,ACTIVE,TLAPS 7422448951912 Compatible With 2005-2006 Toyota Tundra Double (Crew) Cab / 2005-2007 Sequoia DRL LED Strip Bar Black Housing Headlights With Signal Corner Lamps Amber Reflector 4-Pieces Design
B0BRDK5S8X,not_in_catalog,title,mfg-f15021-601,mfg-f15021,,,Molded Black Front + Rear Side Fender Mud Flaps Splash Guards 4 Pieces Compatible with 2021-2023 Ford F150
B0CD382Y99,pending_team_review,title,tbm-fron22-5-rb-gy-801,tbm-fron22-5-rb-gy,2022-2026-nissan-frontier-5ft-bed-rubber-mat-diamond-plate,ACTIVE,"TLAPS 7422451311390 Compatible with 2022-2026 Nissan Frontier D41 5 Feet (59.5"") Short Bed Black Rubber Diamond Plate Truck Bed Mat"
B0DG7H22B2,pending_team_review,,,,,,"Topline_autopart KC HiLiTES Universal 6"" Round 100W Apollo Pro Spot Beam Halogen 4X4 Off-Road Fog Lights with Wiring Harness"
