mpn,asin,product_title_amazon,matched_handle,matched_sku,matched_title_shopify,source
fggg-grzv-sil99-vt-bk-602,B077MG32CJ,Glossy Black Vertical Front Hood Bumper Grill Grille Guard ABS Compatible With 99-02 Chevy Silverado 1500 2500/00-06 Tahoe Suburban,,,,unmatched
vs-camy02v2-601,B07MDF528K,Curved Style Smoke Window Visors Deflector Vent Shade Guard 4 Pieces v2 Compatible with 02-06 Toyota Camry,,,,unmatched
fggg-grzv-ram94-vt-bk-601,B077MNWQXP,Glossy Black Vertical Front Hood Bumper Grill Grille Guard ABS Compatible With 94-01 Dodge Ram 1500/94-02 2500 3500,,,,unmatched
733469495321,B07TSB2KCW,"Stehlen 733469495321 Universal Matte Black Hoop Style Trailer Tow Mount Rear Hitch Drop Step Bar Bumper Guard for 2"" X 2"" Towing Receiver Tube",,,,unmatched
th-x507-c077-601,B01IS10K0M,"Class 3 III Black 2"" Receiver Tube Rear Bumper Trailer Tow Hitch Towing Mount Compatible with 07-18 BMW X5 E70 F15 / 14-19 X6 F86",,,,unmatched
fggg-grzv-f25099-vt-bk-601,B07HBCWZL2,Glossy Black Vertical Front Hood Bumper Grill Grille Guard ABS Compatible With 99-04 Ford F250 F350 F450 F550 Superduty / 00-04 Excursion,,,,unmatched
fg-ram94-h-bk-601,B01MU350Q0,Glossy Black Horizontal Front Hood Bumper Grill Grille Guard ABS Compatible With 94-01 Dodge Ram 1500/94-02 2500 3500,,,,unmatched
amazon-000345-601,B07L8T474C,Chrome Mesh Front Upper Hood Grill + Lower Bumper Grille Guard ABS Compatible With 06-13 Chevy Impala / 14-16 Limited,,,,unmatched
fg-golf08lo-me-bk-601,B01FTGDDUI,Glossy Black Honeycomb Mesh Front Lower Bumper Grill Grille Guard ABS Compatible With 10-13 VW Golf / 10-14 Jetta Sport Wagen MK6,,,,unmatched
fg-nav98-vt-ch-601,B01G6AHKA0,Chrome Vertical Front Hood Bumper Grill Grille Guard ABS Compatible With 98-02 Lincoln Navigator / 2002 Blackwood,,,,unmatched
733469494522,B07PH2HQYQ,Stehlen 733469494522 Compatible With 2015-2022 Ford F150 / 2017-2022 F250 F350 F450 F550 Superduty SuperCrew (Crew) Cab Gearbox Underseat Storage Cargo Organizer Box - Textured Black,,,,unmatched
fggg-gr-jet99-h-bk-601,B07LC19X7P,Glossy Black Horizontal Front Hood Bumper Grill Grille Guard ABS Compatible With 99-05 VW Jetta/Bora MK4,,,,unmatched
th-pilot03-c328-601,B01N7FTO2D,"Class 3 III Black 2"" Receiver Tube Rear Bumper Trailer Tow Hitch Towing Mount Compatible with 03-08 Honda Pilot / 01-06 Acura MDX",,,,unmatched
hlplnb-f15015fled-ab-601,B08FLYTWBM,Sequential Black Housing Full LED Tri Projector Headlights Signal Lamps Amber Reflector nb Compatible With 15-17 Ford F150,,,,unmatched
733469493105,B07L81FKDJ,Stehlen 733469493105 Compatible with 2004-2023 Ford F150 / 2003-2017 Expedition / 2003-2014 Lincoln Navigator / 2006-2008 Mark LT Advance Series Aluminum LED Bull Bar - Matte Black,,,,unmatched
bghd-sil991500-av-mb-601,B078P878D8,Matte Black AVT Style Bull Bar Brush Push Front Bumper Grill Grille Guard with Skid Plate Compatible with 99-07 Chevy Silverado GMC Sierra / 00-06 Suburban Tahoe Yukon 1500,,,,unmatched
tc-s1094-6-lru-601,B01FTGD6JQ,"Lock & Roll Up Soft Vinyl Truck Bed Tonneau Cover Compatible with 94-03 Chevy S10 GMC S15 Sonoma / 96-00 Isuzu Hombre 6 Ft (72"") Bed",,,,unmatched
733469493044,B07L7ZLCBV,Stehlen 733469493044 Compatible with 2009-2018 Dodge Ram 1500/2019-2024 Classic Advance Series Aluminum LED Bull Bar - Matte Black,,,,unmatched
714937188860,B07D6XZ6KF,"Stehlen 714937188860 Compatible with 2009-2018 Dodge Ram 1500/2019-2024 Classic 5.7 Feet (68.4"") Short Bed Lock and Roll Up Tonneau Cover - Black",,,,unmatched
s223043-601,B0832K18QL,"4"" Oval Bent End Black Side Step Nerf Bars Rail Running Boards Compatible with 15-22 Ford F150 SuperCrew / 17-22 F250 F350 F450 F550 Superduty Crew Cab",,,,unmatched
fggg-grzv-f15004-vt-ch-601,B077KKVLPB,Chrome Vertical Front Hood Bumper Grill Grille Guard ABS Compatible With 04-08 Ford F150,,,,unmatched
fg-yar064d-oe-mb-601,B071SDM6H5,Matte Black OE Honeycomb Mesh Front Hood Bumper Grill Grille Guard ABS Compatible With 06 07-09 Toyota Yaris 4 Door Sedan,,,,unmatched
th-lib08-c245-601,B01MXI8MEU,"Class 3 III Black 2"" Receiver Tube Rear Bumper Trailer Tow Hitch Towing Mount Compatible with 08-12 Jeep Liberty",,,,unmatched
fg-dts06-vt-ch-601,B077JLPPJX,Chrome Vertical Front Hood Bumper Grill Grille Guard ABS Compatible With 06-11 Cadillac DTS,,,,unmatched
fg-exped03-vt-bk-601,B07LC1GGNX,Glossy Black Vertical Front Hood Bumper Grill Grille Guard ABS Compatible With 03-06 Ford Expedition,,,,unmatched
fggg-grbt-impa06lo-me-bk-601,B01FTGE16I,Glossy Black Mesh Front Lower Bumper Grill Grille Guard ABS Compatible With 06-13 Chevy Impala / 14-16 Limited,,,,unmatched
fggg-gr-camy10-me-ch-601,B01FTGCVPQ,Chrome Mesh Front Hood Bumper Grill Grille Guard ABS Compatible With 10-11 Toyota Camry,,,,unmatched
tc-f15004-5.5-lth-601,B087L29BNF,"Low Profile Hard Tri Fold Aluminum Truck Bed Tonneau Cover Compatible with 04-14 Ford F150 / 06-08 Lincoln Mark LT 5.5 Ft (66"") Short Bed",,,,unmatched
smdp-cama85-c-601,B07M5J6QT6,Depo Chrome Clear Housing Front Bumper Turn Signal Lights Parking Lamps Side Marker Reflector dp Compatible With 85-92 Camaro/Firebird,,,,unmatched
714937188808,B07D6YHSNV,"Stehlen 714937188808 Compatible with 2004-2014 Ford F150 / 2006-2008 Lincoln Mark LT 6.5 Feet (78"") Bed Lock and Roll Up Tonneau Cover - Black",,,,unmatched
642167821885,B085Q54ZKD,Stehlen 642167821885 Compatible With 2013-2018 Ram 1500/2019-2024 Classic Rebel Honeycomb Mesh Front Hood Bumper Grille - Matte Black,,,,unmatched
sbhd-f15015cc-5-bk-601,B07JR9DQS5,"5"" Oval Black Side Step Nerf Bars Rail Running Boards Compatible with 15-22 Ford F150 SuperCrew / 17-22 F250 F350 F450 F550 Superduty Crew Cab",,,,unmatched
th-piru04-a468-601,B07JKLQPGL,"Class 1 I Black 1.25"" Receiver Tube Rear Bumper Trailer Tow Hitch Towing Mount Compatible with 04-09 Toyota Prius",,,,unmatched
733469493495,B07P32H1B7,Stehlen 733469493495 Compatible with 2010-2024 Toyota 4Runner Advance Series Aluminum LED Bull Bar - Matte Black,,,,unmatched
