asin,seller_sku,base_lookup,title
B08P2RZRR5,crjz-tr-4000fs-ar-mb+crjz-tire-fs-mb-601,crjz-tr-4000fs-ar-mb|crjz-tr-4000fs-ar-mb|crjz-tire-fs-mb-601|crjz-tire-fs-mb,"Stehlen 642167818793 Universal Fit for Full Size Pickup Trucks CR1 Chase Rack Truck Bed Roll Bar with Tire Carrier - Matte Black"
B07L8V2222,amazon-000351-902,amazon-000351-902|amazon-000351,"Chrome Round Hole Mesh Front Upper Hood Grill + Lower Bumper Grille Guard ABS Compatible With 07-14 GMC Yukon/XL/Denali"
B07MNV366X,vs-expl024d-901,vs-expl024d-901|vs-expl024d,"Curved Style Smoke Window Visors Deflector Vent Shade Guard 4 Pieces Compatible with 02-10 Ford Explorer 4 Door/Mercury Mountaineer / 03-05 Lincoln Aviator"
B07RRSJ2KS,fggg-grz-f15004-h-mb-901,fggg-grz-f15004-h-mb-901|fggg-grz-f15004-h-mb,"Matte Black Horizontal Front Hood Bumper Grill Grille Guard ABS Compatible With 04-08 Ford F150"
B077JKPRQ2,bghd-c1088-am-mb-601,bghd-c1088-am-mb-601|bghd-c1088-am-mb,"Stehlen 714937182806 Compatible With 1988-2000 Chevy GMC C10 C/K Pickup/Silverado Sierra 3"" Studded Mesh Series Bull Bar - Matte Black"
B07L81FKDJ,bghd-exped03-al-mb-601,bghd-exped03-al-mb-601|bghd-exped03-al-mb,"Stehlen 733469493105 Compatible with 2004-2023 Ford F150 / 2003-2017 Expedition / 2003-2014 Lincoln Navigator / 2006-2008 Mark LT Advance Series Aluminum LED Bull Bar - Matte Black"
B07L8V34FL,amazon-000350-901,amazon-000350-901|amazon-000350,"Glossy Black Round Hole Mesh Front Upper Hood Grill + Lower Bumper Grille Guard ABS Compatible With 07-14 GMC Yukon/XL/Denali"
B07N9RCKXH,tbm-f15001-5-rb-gy-901,tbm-f15001-5-rb-gy-901|tbm-f15001-5-rb-gy,"Topline_autopart Black Rubber Diamond Plate Truck Bed Floor Mat Liner Compatible with 01-03 Ford F150 5.5 Feet (66"") Short Bed"
B086VT9855,fggg-grzt-taho07-me-ch-901,fggg-grzt-taho07-me-ch-901|fggg-grzt-taho07-me-ch,"Chrome Mesh Front Hood Bumper Grill Grille Guard ABS 1 Piece Design Compatible With 07-13 Chevy Avalanche / 07-14 Tahoe Suburban"
