CB Item Name,Shopify handle,What to do in ChannelAdvisor,Status in Shopify,Rows to REMOVE,Rows to ADD,# removed,# added
TH-C1088-D081+TH-BMOUNT-L2,1988-2000-gmc-c-k-series-class-4-trailer-hitch-w-ball-mount,CA ERROR + INCOMPLETE: remove Crew Cab rows (contradict CA's own 'Will Not Fit ... Crew Cab' note; CURT 14081 excludes 4-door crew cab) and add GMC C/K (CURT 14081 lists GMC).,Done in Shopify 2026-09-27,1999-2000 Chevrolet C2500 (Base Crew Cab Pickup 4-Door); 1999-2000 Chevrolet C2500 (LS Crew Cab Pickup 4-Door); 1994-2000 Chevrolet C3500 (Base Crew Cab Pickup 4-Door); 1992-1998 Chevrolet C3500 (Cheyenne Crew Cab Pickup 4-Door); 1999-2000 Chevrolet C3500 (LS Crew Cab Pickup 4-Door); 1992 Chevrolet C3500 (Scottsdale Crew Cab Pickup 4-Door); 1992-1998 Chevrolet C3500 (Silverado Crew Cab Pickup 4-Door); 1999-2000 Chevrolet K2500 (Base Crew Cab Pickup 4-Door); 1999-2000 Chevrolet K2500 (LS Crew Cab Pickup 4-Door); 1994-2000 Chevrolet K3500 (Base Crew Cab Pickup 4-Door); 1992-1998 Chevrolet K3500 (Cheyenne Crew Cab Pickup 4-Door); 1999-2000 Chevrolet K3500 (LS Crew Cab Pickup 4-Door); 1992 Chevrolet K3500 (Scottsdale Crew Cab Pickup 4-Door); 1992-1998 Chevrolet K3500 (Silverado Crew Cab Pickup 4-Door),1988-1999 GMC C1500; 1993-1999 GMC C2500 (400 SS Standard Cab Pickup 2-Door); 1995 GMC C2500 (60th Anniversary Standard Cab Pickup 2-Door); 1999 GMC C2500 (Austera Standard Cab Pickup 2-Door); 1988-2000 GMC C2500 (Extended Cab Pickup 2-Door); 1998-1999 GMC C2500 (Extended Cab Pickup 3-Door); 1988-2000 GMC C2500 (Standard Cab Pickup 2-Door); 1988-2000 GMC C3500 (Extended Cab Pickup 2-Door); 1988-2000 GMC C3500 (Standard Cab Pickup 2-Door); 1988-1999 GMC K1500; 1988-2000 GMC K2500 (Extended Cab Pickup 2-Door); 1988-2000 GMC K2500 (Standard Cab Pickup 2-Door); 1988-2000 GMC K3500 (Extended Cab Pickup 2-Door); 1988-2000 GMC K3500 (Standard Cab Pickup 2-Door),16,46
TH-C1088-D081,1988-2000-gmc-c-k-series-class-4-trailer-hitch-14081,CA ERROR + INCOMPLETE: remove Crew Cab rows (contradict CA's own 'Will Not Fit ... Crew Cab' note; CURT 14081 excludes 4-door crew cab) and add GMC C/K (CURT 14081 lists GMC).,Done in Shopify 2026-09-27,1999-2000 Chevrolet C2500 (Base Crew Cab Pickup 4-Door); 1999-2000 Chevrolet C2500 (LS Crew Cab Pickup 4-Door); 1994-2000 Chevrolet C3500 (Base Crew Cab Pickup 4-Door); 1992-1998 Chevrolet C3500 (Cheyenne Crew Cab Pickup 4-Door); 1999-2000 Chevrolet C3500 (LS Crew Cab Pickup 4-Door); 1992 Chevrolet C3500 (Scottsdale Crew Cab Pickup 4-Door); 1992-1998 Chevrolet C3500 (Silverado Crew Cab Pickup 4-Door); 1999-2000 Chevrolet K2500 (Base Crew Cab Pickup 4-Door); 1999-2000 Chevrolet K2500 (LS Crew Cab Pickup 4-Door); 1994-2000 Chevrolet K3500 (Base Crew Cab Pickup 4-Door); 1992-1998 Chevrolet K3500 (Cheyenne Crew Cab Pickup 4-Door); 1999-2000 Chevrolet K3500 (LS Crew Cab Pickup 4-Door); 1992 Chevrolet K3500 (Scottsdale Crew Cab Pickup 4-Door); 1992-1998 Chevrolet K3500 (Silverado Crew Cab Pickup 4-Door),1988-1999 GMC C1500; 1993-1999 GMC C2500 (400 SS Standard Cab Pickup 2-Door); 1995 GMC C2500 (60th Anniversary Standard Cab Pickup 2-Door); 1999 GMC C2500 (Austera Standard Cab Pickup 2-Door); 1988-2000 GMC C2500 (Extended Cab Pickup 2-Door); 1998-1999 GMC C2500 (Extended Cab Pickup 3-Door); 1988-2000 GMC C2500 (Standard Cab Pickup 2-Door); 1988-2000 GMC C3500 (Extended Cab Pickup 2-Door); 1988-2000 GMC C3500 (Standard Cab Pickup 2-Door); 1988-1999 GMC K1500; 1988-2000 GMC K2500 (Extended Cab Pickup 2-Door); 1988-2000 GMC K2500 (Standard Cab Pickup 2-Door); 1988-2000 GMC K3500 (Extended Cab Pickup 2-Door); 1988-2000 GMC K3500 (Standard Cab Pickup 2-Door),16,46
BGHD-ESCP08-AV-MB,2008-2012-ford-escape-advanced-series-bull-guard-w-skid-plate-matte-black,CA ERROR: Mercury Mountaineer (Explorer twin) listed on an Escape part; Mariner is already there. Remove.,Done in Shopify 2026-09-27,2006-2010 Mercury Mountaineer,-,5,0
BGHD-ESCP08-AM-MB,2008-2012-ford-escape-bull-guard-w-studded-mesh-skid-plate-matte-black,CA ERROR: Mercury Mountaineer (Explorer twin) listed on an Escape part; Mariner is already there. Remove.,Done in Shopify 2026-09-27,2006-2010 Mercury Mountaineer,-,5,0
BGHD-C1088-AM-MB,1992-1999-chevy-gmc-suburban-tahoe-yukon-bull-guard-matte-black,"CA INCOMPLETE: GMC twin of the listed Chevrolet (same platform, frame-mounted). Add. (Also covers C3500/K3500 - hold if supplier says 1500/2500 only; see question 4.)",Done in Shopify 2026-09-27,-,1988-2000 GMC C1500; 1988-2000 GMC C2500; 1988-2000 GMC C3500; 1988-1999 GMC K1500; 1988-2000 GMC K2500; 1988-2000 GMC K3500,0,77
BGHD-C1088-AV-MB,1992-1999-chevy-gmc-suburban-tahoe-yukon-bull-guard-matte-black-1,"CA INCOMPLETE: GMC twin of the listed Chevrolet (same platform, frame-mounted). Add. (Also covers C3500/K3500 - hold if supplier says 1500/2500 only; see question 4.)",Done in Shopify 2026-09-27,-,1988-2000 GMC C1500; 1988-2000 GMC C2500; 1988-2000 GMC C3500; 1988-1999 GMC K1500; 1988-2000 GMC K2500; 1988-2000 GMC K3500,0,77
BGHD-C1088-AV-TB,1992-1999-chevy-gmc-suburban-tahoe-yukon-bull-guard-texture-black,"CA INCOMPLETE: GMC twin of the listed Chevrolet (same platform, frame-mounted). Add. (Also covers C3500/K3500 - hold if supplier says 1500/2500 only; see question 4.)",Done in Shopify 2026-09-27,-,1988-2000 GMC C1500; 1988-2000 GMC C2500; 1988-2000 GMC C3500; 1988-1999 GMC K1500; 1988-2000 GMC K2500; 1988-2000 GMC K3500,0,77
BGHD-C1088-AM-TB,1992-1999-chevy-gmc-suburban-tahoe-yukon-studded-mesh-bull-guard,"CA INCOMPLETE: GMC twin of the listed Chevrolet (same platform, frame-mounted). Add. (Also covers C3500/K3500 - hold if supplier says 1500/2500 only; see question 4.)",Done in Shopify 2026-09-27,-,1988-2000 GMC C1500; 1988-2000 GMC C2500; 1988-2000 GMC C3500; 1988-1999 GMC K1500; 1988-2000 GMC K2500; 1988-2000 GMC K3500,0,77
BGHD-AVA022500-AL-MB,1999-2007-gmc-sierra-advanced-bull-guard-w-led-light-bar-matte-black,"CA INCOMPLETE: GMC twin of the listed Chevrolet (same platform, frame-mounted). Add.",Done in Shopify 2026-09-27,-,2001-2006 GMC Sierra 1500 HD; 2007 GMC Sierra 1500 HD Classic; 1999-2006 GMC Sierra 2500; 2001-2006 GMC Sierra 2500 HD; 2007 GMC Sierra 2500 HD Classic; 2001-2006 GMC Sierra 3500; 2007 GMC Sierra 3500 Classic; 2000-2006 GMC Yukon XL 2500,0,35
TC-SIL14-5.8-LRU,2014-2018-gmc-sierra-5-8-roll-up-vinyl-tonneau-cover-503360,"CA INCOMPLETE: GMC twin of the listed Chevrolet (same platform, frame-mounted). Add.",Done in Shopify 2026-09-27,-,2014-2018 GMC Sierra 1500,0,5
TH-EXP96-C040,1996-2026-gmc-savana-class-3-trailer-hitch-black-13040,"CA INCOMPLETE: GMC twin of the listed Chevrolet (same platform, frame-mounted). Add.",Done in Shopify 2026-09-27,-,1996-2014 GMC Savana 1500; 1996-2026 GMC Savana 2500; 1996-2026 GMC Savana 3500 (Extended Cargo Van 3-Door); 1996-2026 GMC Savana 3500 (Extended Passenger Van 3-Door); 2018 GMC Savana 3500 (Extended Passenger Van 4-Door); 1996-2026 GMC Savana 3500 (Standard Cargo Van 3-Door); 2006-2023 GMC Savana 3500 (Standard Cargo Van 4-Door); 1998 GMC Savana 3500 (Standard Cargo Van 5-Door); 1996-2026 GMC Savana 3500 (Standard Passenger Van 3-Door); 2006-2023 GMC Savana 3500 (Standard Passenger Van 4-Door),0,211
TH-EXP96-D090,1996-2026-gmc-savana-class-4-trailer-hitch-black-14090,"CA INCOMPLETE: GMC twin of the listed Chevrolet (same platform, frame-mounted). Add.",Done in Shopify 2026-09-27,-,1996-2014 GMC Savana 1500; 1996-2026 GMC Savana 2500; 1996-2026 GMC Savana 3500 (Extended Cargo Van 3-Door); 1996-2026 GMC Savana 3500 (Extended Passenger Van 3-Door); 2018 GMC Savana 3500 (Extended Passenger Van 4-Door); 1996-2026 GMC Savana 3500 (Standard Cargo Van 3-Door); 2006-2023 GMC Savana 3500 (Standard Cargo Van 4-Door); 1998 GMC Savana 3500 (Standard Cargo Van 5-Door); 1996-2026 GMC Savana 3500 (Standard Passenger Van 3-Door); 2006-2023 GMC Savana 3500 (Standard Passenger Van 4-Door),0,211
TH-EXP96-C040+TH-BMOUNT-L2,gmc-savana-class-3-trailer-hitch-w-ball-mount-combo-curt,"CA INCOMPLETE: GMC twin of the listed Chevrolet (same platform, frame-mounted). Add.",Done in Shopify 2026-09-27,-,1996-2014 GMC Savana 1500; 1996-2026 GMC Savana 2500; 1996-2026 GMC Savana 3500 (Extended Cargo Van 3-Door); 1996-2026 GMC Savana 3500 (Extended Passenger Van 3-Door); 2018 GMC Savana 3500 (Extended Passenger Van 4-Door); 1996-2026 GMC Savana 3500 (Standard Cargo Van 3-Door); 2006-2023 GMC Savana 3500 (Standard Cargo Van 4-Door); 1998 GMC Savana 3500 (Standard Cargo Van 5-Door); 1996-2026 GMC Savana 3500 (Standard Passenger Van 3-Door); 2006-2023 GMC Savana 3500 (Standard Passenger Van 4-Door),0,211
TH-EXP96-D090+TH-BMOUNT-L2,gmc-savana-class-4-trailer-hitch-ball-mount-combo-curt,"CA INCOMPLETE: GMC twin of the listed Chevrolet (same platform, frame-mounted). Add.",Done in Shopify 2026-09-27,-,1996-2014 GMC Savana 1500; 1996-2026 GMC Savana 2500; 1996-2026 GMC Savana 3500 (Extended Cargo Van 3-Door); 1996-2026 GMC Savana 3500 (Extended Passenger Van 3-Door); 2018 GMC Savana 3500 (Extended Passenger Van 4-Door); 1996-2026 GMC Savana 3500 (Standard Cargo Van 3-Door); 2006-2023 GMC Savana 3500 (Standard Cargo Van 4-Door); 1998 GMC Savana 3500 (Standard Cargo Van 5-Door); 1996-2026 GMC Savana 3500 (Standard Passenger Van 3-Door); 2006-2023 GMC Savana 3500 (Standard Passenger Van 4-Door),0,211
BGHD-C1088-MBBA,chevrolet-gmc-suburban-tahoe-yukon-bull-guard-gbu10050,"CA INCOMPLETE: GMC twin of the listed Chevrolet (same platform, frame-mounted). Add. (Also covers C3500/K3500 - hold if supplier says 1500/2500 only; see question 4.)",Done in Shopify 2026-09-27,-,1988-2000 GMC C1500; 1988-2000 GMC C2500; 1988-2000 GMC C3500; 1988-1999 GMC K1500; 1988-2000 GMC K2500; 1988-2000 GMC K3500,0,77
BGHD-C1088-AL-MB,92-99-chevy-gmc-suburban-tahoe-yukon-bull-guard-led-light-bar,"CA INCOMPLETE: GMC twin of the listed Chevrolet (same platform, frame-mounted). Add. (Also covers C3500/K3500 - hold if supplier says 1500/2500 only; see question 4.)",Done in Shopify 2026-09-27,-,1988-2000 GMC C1500; 1988-2000 GMC C2500; 1988-2000 GMC C3500; 1988-1999 GMC K1500; 1988-2000 GMC K2500; 1988-2000 GMC K3500,0,77
BGHD-C1088-AM-MB+FLBW-40CREE-LB-WH,92-99-chevy-gmc-suburban-tahoe-yukon-bull-guard-w-led-light-bar,"CA INCOMPLETE: GMC twin of the listed Chevrolet (same platform, frame-mounted). Add. (Also covers C3500/K3500 - hold if supplier says 1500/2500 only; see question 4.)",Done in Shopify 2026-09-27,-,1988-2000 GMC C1500; 1988-2000 GMC C2500; 1988-2000 GMC C3500; 1988-1999 GMC K1500; 1988-2000 GMC K2500; 1988-2000 GMC K3500,0,77
BGHD-C1088-AM-TB+FLBW-40CREE-LB-WH,92-99-chevy-gmc-suburban-tahoe-yukon-studded-mesh-bull-guard-combo,"CA INCOMPLETE: GMC twin of the listed Chevrolet (same platform, frame-mounted). Add. (Also covers C3500/K3500 - hold if supplier says 1500/2500 only; see question 4.)",Done in Shopify 2026-09-27,-,1988-2000 GMC C1500; 1988-2000 GMC C2500; 1988-2000 GMC C3500; 1988-1999 GMC K1500; 1988-2000 GMC K2500; 1988-2000 GMC K3500,0,77
BGHD-C1088-MBBA+FLBW-40CREE-LB-WH,92-99-chevy-gmc-suburban-tahoe-yukon-bull-guard-w-led-light-bar-1,"CA INCOMPLETE: GMC twin of the listed Chevrolet (same platform, frame-mounted). Add. (Also covers C3500/K3500 - hold if supplier says 1500/2500 only; see question 4.)",Done in Shopify 2026-09-27,-,1988-2000 GMC C1500; 1988-2000 GMC C2500; 1988-2000 GMC C3500; 1988-1999 GMC K1500; 1988-2000 GMC K2500; 1988-2000 GMC K3500,0,77
TH-BMOUNT-L2-3BL,3-in-1-tri-ball-trailer-hitch-mount-2-receiver-w-hook,UNIVERSAL: receiver-size accessory; vehicle rows removed so it shows as fits-all.,Done in Shopify 2026-09-27,2001-2020 Acura MDX; 2007-2020 Acura RDX; 1996-1999 Acura SLX; 2010-2013 Acura ZDX,-,42,0
TH-BMOUNT-L2-B8,8-drop-trailer-hitch-ball-mount-2-receiver-chrome-5000lb,UNIVERSAL: receiver-size accessory; vehicle rows removed so it shows as fits-all.,Done in Shopify 2026-09-27,2001-2020 Acura MDX; 2007-2020 Acura RDX; 1996-1999 Acura SLX; 2010-2013 Acura ZDX,-,42,0
TH-FT2-60,2-hitch-cargo-carrier-300-lb-tray-style-fold-up-23x59-black,UNIVERSAL: receiver-size accessory; vehicle rows removed so it shows as fits-all.,Done in Shopify 2026-09-27,2001-2020 Acura MDX; 2007-2020 Acura RDX; 1996-1999 Acura SLX; 2010-2013 Acura ZDX,-,42,0
TH-BMOUNT-L2,curt-2-loaded-ball-mount-with-1-7-8-ball-45034,UNIVERSAL: receiver-size accessory; vehicle rows removed so it shows as fits-all.,Done in Shopify 2026-09-27,2001-2020 Acura MDX; 2007-2020 Acura RDX; 1996-1999 Acura SLX; 2010-2013 Acura ZDX,-,42,0
