CB Item Name,Listing title,Conflicting towing ratings in ChannelAdvisor,Rating shown on site,Link,Correct rating (lbs)
TH-ACAD07-C424+TH-BMOUNT-L2,"2008-2017 Buick Enclave, 2009-2017 Chevrolet Traverse, 2007-2017 GMC Acadia & 2007-2010 Saturn Outlook Class 3 Trailer Hitch - CURT",3500 lbs vs 5000 lbs,no,https://stehlenauto.com/products/2008-2017-buick-enclave-chevy-traverse-class-3-hitch-kit-curt
TH-ARM04-C188+TH-BMOUNT-L2,"2005-2015 Nissan Armada, 2004 Pathfinder Armada & 2004-2010 Infiniti QX56 Trailer Hitch - CURT",3500 lbs vs 6000 lbs,no,https://stehlenauto.com/products/04-15-nissan-armada-infiniti-qx56-trailer-hitch-kit-curt
TH-C1088-D081,1988-1999 Chevrolet & GMC C/K 2500/3500 Class 4 Trailer Hitch - Torklift 14081,10000 lbs vs 6000 lbs,no,https://stehlenauto.com/products/1988-2000-gmc-c-k-series-class-4-trailer-hitch-14081
TH-C1088-D081+TH-BMOUNT-L2,1988-1999 Chevrolet & GMC C/K 2500/3500 Class 4 Trailer Hitch w/ Ball Mount,10000 lbs vs 3500 lbs vs 6000 lbs,no,https://stehlenauto.com/products/1988-2000-gmc-c-k-series-class-4-trailer-hitch-w-ball-mount
TH-CARA04V2-C362,1996-2007 Chrysler Town & Country / Dodge Caravan / Grand Caravan Class 3 Trailer Hitch,4000 lbs vs 4500 lbs,no,https://stehlenauto.com/products/1996-2007-chrysler-town-country-class-3-trailer-hitch-13362
TH-CARA08-C364+TH-BMOUNT-L2,2008-2020 Dodge Grand Caravan / 2008-2016 Chrysler Town & Country / 2012-2015 Ram C/V / 2009-2014 VW Routan Class 3 Trailer Hitch - CURT 45034,3500 lbs vs 4000 lbs,no,https://stehlenauto.com/products/curt-class-3-trailer-hitch-w-ball-mount-ram-c-v-vw-routan
TH-CX907-C575,2007-2015 Mazda CX-9 Class 3 Trailer Hitch Receiver — 2 Inch,3500 lbs vs 4000 lbs,no,https://stehlenauto.com/products/2007-2015-mazda-cx-9-class-3-trailer-hitch-receiver-2-inch
TH-DUR04-C072+TH-BMOUNT-L2,2004-2009 Dodge Durango Chrysler Aspen Class 3 Trailer Hitch Kit,3500 lbs vs 6000 lbs,no,https://stehlenauto.com/products/2004-2009-dodge-durango-chrysler-aspen-class-3-trailer-hitch-kit
TH-DUR11-C182,2012-2022 Jeep Grand Cherokee & 2011-2026 Dodge Durango Class 3 Trailer Hitch - CURT 13182,5000 lbs vs 6000 lbs,no,https://stehlenauto.com/products/2012-2022-jeep-grand-cherokee-class-3-trailer-hitch-13182
TH-DUR11-C182+TH-BMOUNT-L2,2012-2022 Jeep Grand Cherokee & 2011-2026 Dodge Durango Class 3 Trailer Hitch Combo - CURT,3500 lbs vs 5000 lbs vs 6000 lbs,no,https://stehlenauto.com/products/2012-2022-jeep-grand-cherokee-class-3-trailer-hitch-combo-curt
TH-DUR98-C056+TH-BMOUNT-L2,1998-2003 Dodge Durango Class 3 Trailer Hitch w/ Ball Mount - CURT,3500 lbs vs 5000 lbs,no,https://stehlenauto.com/products/1998-2003-dodge-durango-class-3-trailer-hitch-w-ball-mount-curt
TH-E3500-D055+TH-BMOUNT-L2,2000-2014 Ford E-Series Class 4 Trailer Hitch w/ Ball Mount - CURT,10000 lbs vs 3500 lbs,no,https://stehlenauto.com/products/2000-2014-ford-e-series-class-4-trailer-hitch-w-ball-mount-curt
TH-EDGE07-C067+TH-BMOUNT-L2,2007-2014 Ford Edge & 2007-2015 Lincoln MKX Class 3 Trailer Hitch & Ball Mount - CURT,3500 lbs vs 4000 lbs,no,https://stehlenauto.com/products/2007-2015-ford-edge-lincoln-mkx-class-3-trailer-hitch-ball-mount
TH-EXP96-C040+TH-BMOUNT-L2,1996-2026 GMC Savana Class 3 Trailer Hitch w/ Ball Mount Combo - CURT,3500 lbs vs 6000 lbs,no,https://stehlenauto.com/products/gmc-savana-class-3-trailer-hitch-w-ball-mount-combo-curt
TH-EXP96-D090+TH-BMOUNT-L2,1996-2026 GMC Savana Class 4 Trailer Hitch & Ball Mount Combo - CURT,10000 lbs vs 3500 lbs,no,https://stehlenauto.com/products/gmc-savana-class-4-trailer-hitch-ball-mount-combo-curt
TH-EXPL11-C100+TH-BMOUNT-L2,2011-2017 Ford Explorer & Police Interceptor Sedan Class 3 Trailer Hitch w/ Ball Mount - CURT,3500 lbs vs 4000 lbs,no,https://stehlenauto.com/products/2011-2017-ford-explorer-class-3-trailer-hitch-w-ball-mount-curt
TH-F15009-D002+TH-BMOUNT-L2,2009-2014 Ford F-150 Class 4 Trailer Hitch w/ Ball Mount,10000 lbs vs 3500 lbs,no,https://stehlenauto.com/products/2009-2014-ford-f-150-class-4-trailer-hitch-w-ball-mount-curt
TH-F15015-C118+TH-BMOUNT-L2,2015-2026 Ford F-150 Class 3 Trailer Hitch Combo,3500 lbs vs 6000 lbs,no,https://stehlenauto.com/products/2015-2025-ford-f-150-class-3-trailer-hitch-combo-curt
TH-F15015-D017+TH-BMOUNT-L2,2015-2026 Ford F-150 Class 4 Trailer Hitch & Ball Mount Combo,10000 lbs vs 3500 lbs,no,https://stehlenauto.com/products/2015-2026-ford-f-150-class-4-trailer-hitch-ball-mount-combo
TH-F15097-C038+TH-BMOUNT-L2,1997-2004 Ford F-150 Class 3 Trailer Hitch & Ball Mount Kit,3500 lbs vs 6000 lbs,no,https://stehlenauto.com/products/1997-2004-ford-f-150-class-3-trailer-hitch-ball-mount-kit-curt
TH-FJ07-C367+TH-BMOUNT-L2,2007-2014 Toyota FJ Cruiser Class 3 Trailer Hitch Kit - Black,3500 lbs vs 5000 lbs,no,https://stehlenauto.com/products/2007-2014-toyota-fj-cruiser-class-3-trailer-hitch-kit-black
TH-FRON05-C241+TH-BMOUNT-L2,2005-2026 Nissan Frontier Class 3 Trailer Hitch & Ball Mount Kit,3500 lbs vs 5000 lbs,no,https://stehlenauto.com/products/05-26-nissan-frontier-class-3-trailer-hitch-ball-mount-kit
TH-H306-C270+TH-BMOUNT-L2,2006-2010 Hummer H3 Class 3 Trailer Hitch w/ Ball Mount,3500 lbs vs 5000 lbs,no,https://stehlenauto.com/products/2006-2010-hummer-h3-class-3-trailer-hitch-w-ball-mount-curt
TH-HIGH14-C200+TH-BMOUNT-L2,"2014-2019 Toyota Highlander 2"" Trailer Hitch Receiver w/ Ball Mount",3500 lbs vs 6000 lbs,no,https://stehlenauto.com/products/2014-2019-toyota-highlander-2-trailer-hitch-receiver-w-ball-mount
TH-JC14-C171+TH-BMOUNT-L2,2014-2019 Jeep Cherokee Class 3 Trailer Hitch w/ Ball Mount,3500 lbs vs 5000 lbs,no,https://stehlenauto.com/products/2014-2019-jeep-cherokee-class-3-trailer-hitch-w-ball-mount-curt
TH-JC84-C084+TH-BMOUNT-L2,1984-2001 Jeep Cherokee Class 3 Trailer Hitch w/ Ball Mount,3500 lbs vs 5000 lbs,no,https://stehlenauto.com/products/1984-2001-jeep-cherokee-class-3-trailer-hitch-w-ball-mount-curt
TH-JGC05-C251+TH-BMOUNT-L2,2005-2010 Jeep Grand Cherokee Class 3 Trailer Hitch Kit,3500 lbs vs 5000 lbs,no,https://stehlenauto.com/products/2005-2010-jeep-grand-cherokee-class-3-trailer-hitch-kit-curt
TH-JGC11-C065+TH-BMOUNT-L2,2011-2022 Jeep Grand Cherokee Class 3 Trailer Hitch Combo,3500 lbs vs 5000 lbs,no,https://stehlenauto.com/products/2011-2022-jeep-grand-cherokee-class-3-trailer-hitch-combo-curt
TH-JGC99-C051+TH-BMOUNT-L2,1999-2004 Jeep Grand Cherokee Class 3 Trailer Hitch Combo,3500 lbs vs 5000 lbs,no,https://stehlenauto.com/products/1999-2004-jeep-grand-cherokee-class-3-trailer-hitch-combo-curt
TH-JOUR09-C201+TH-BMOUNT-L2,2009-2020 Dodge Journey Class 3 Trailer Hitch w/ Ball Mount,3500 lbs vs 4000 lbs,no,https://stehlenauto.com/products/2009-2020-dodge-journey-class-3-trailer-hitch-w-ball-mount-curt
TH-JPAT11-C081+TH-BMOUNT-L2,2011-2017 Jeep Patriot Compass Class 3 Trailer Hitch w/ Ball Mount,3500 lbs vs 4000 lbs,no,https://stehlenauto.com/products/2011-2017-jeep-patriot-compass-class-3-trailer-hitch-w-ball-mount
TH-LEGA15-C390+TH-BMOUNT-L2,2010-2013 Subaru Outback & 2015-2019 Subaru Legacy Class 3 Trailer Hitch Combo w/ Ball Mount,3500 lbs vs 4000 lbs,no,https://stehlenauto.com/products/2010-2013-subaru-outback-class-3-trailer-hitch-combo-w-ball-mount
TH-LIB02-C244+TH-BMOUNT-L2,2002-2007 Jeep Liberty Class 3 Trailer Hitch w/ Ball Mount,3500 lbs vs 4000 lbs,no,https://stehlenauto.com/products/2002-2007-jeep-liberty-class-3-trailer-hitch-w-ball-mount-curt
TH-LIB08-C245+TH-BMOUNT-L2,2008-2012 Jeep Liberty Class 3 Trailer Hitch w/ Ball Mount,3500 lbs vs 5000 lbs,no,https://stehlenauto.com/products/2008-2012-jeep-liberty-class-3-trailer-hitch-w-ball-mount-curt
TH-MUR09-C577+TH-BMOUNT-L2,2009-2014 Nissan Murano Class 3 Trailer Hitch w/ Ball Mount,3500 lbs vs 4000 lbs,no,https://stehlenauto.com/products/2009-2014-nissan-murano-class-3-trailer-hitch-w-ball-mount-curt
TH-OUTL07-C581+TH-BMOUNT-L2,2007-2013 Mitsubishi Outlander Class 3 Trailer Hitch w/ Ball Mount,3500 lbs vs 4000 lbs,no,https://stehlenauto.com/products/2007-2013-mitsubishi-outlander-class-3-trailer-hitch-w-ball-mount-curt
TH-PAT13-C126+TH-BMOUNT-L2,2013-2016 Nissan Pathfinder & 2014-2020 Infiniti QX60 Class 3 Trailer Hitch Combo,3500 lbs vs 4000 lbs,no,https://stehlenauto.com/products/2013-2020-nissan-pathfinder-infiniti-qx60-class-3-trailer-hitch-combo
TH-PAT96-C088+TH-BMOUNT-L2,1996-2004 Nissan Pathfinder Infiniti QX4 Class 3 Hitch & Ball Mount Kit,3500 lbs vs 5000 lbs,no,https://stehlenauto.com/products/96-04-nissan-pathfinder-infiniti-qx4-class-3-hitch-ball-mount-kit
TH-RIDG05-C385+TH-BMOUNT-L2,2006-2014 Honda Ridgeline Class 3 Trailer Hitch Combo,3500 lbs vs 5000 lbs,no,https://stehlenauto.com/products/2006-2014-honda-ridgeline-class-3-trailer-hitch-combo-curt
TH-RX35010-C143+TH-BMOUNT-L2,2010-2015 Lexus RX350 RX450h Class 3 Trailer Hitch w/ Ball Mount,3500 lbs vs 4000 lbs,no,https://stehlenauto.com/products/2010-2015-lexus-rx350-rx450h-class-3-trailer-hitch-w-ball-mount
TH-SIL99-C322+TH-BMOUNT-L2,1999-2013 Chevrolet/GMC Silverado/Sierra 1500 Class 3 Trailer Hitch & Ball Mount,3500 lbs vs 6000 lbs,no,https://stehlenauto.com/products/99-13-silverado-sierra-1500-class-3-trailer-hitch-ball-mount-curt
TH-SORE03-C513+TH-BMOUNT-L2,2003-2009 Kia Sorento Class 3 Trailer Hitch Kit w/ Ball Mount,3500 lbs vs 5000 lbs,no,https://stehlenauto.com/products/2003-2009-kia-sorento-class-3-trailer-hitch-kit-w-ball-mount
TH-SORE16-C195+TH-BMOUNT-L2,2016-2020 Kia Sorento Class 3 Trailer Hitch w/ Ball Mount,3500 lbs vs 5000 lbs,no,https://stehlenauto.com/products/2016-2020-kia-sorento-class-3-trailer-hitch-w-ball-mount-curt
TH-TACO16-C264+TH-BMOUNT-L2,2016-2023 Toyota Tacoma Class 3 Trailer Hitch Combo w/ Ball Mount,3500 lbs vs 6000 lbs,no,https://stehlenauto.com/products/2016-2023-toyota-tacoma-class-3-trailer-hitch-combo-w-ball-mount
TH-TACO95-C013+TH-BMOUNT-L2,1995-2004 Toyota Tacoma Class 3 Trailer Hitch w/ Ball Mount,3500 lbs vs 5000 lbs,no,https://stehlenauto.com/products/1995-2004-toyota-tacoma-class-3-trailer-hitch-w-ball-mount
TH-TIT04-C199+TH-BMOUNT-L2,2004-2015 Nissan Titan Class 3 Trailer Hitch w/ Ball Mount,3500 lbs vs 6000 lbs,no,https://stehlenauto.com/products/2004-2015-nissan-titan-class-3-trailer-hitch-w-ball-mount-curt
TH-TOU04-C220+TH-BMOUNT-L2,"2007-2015 Audi Q7 Quattro, 2004-2010 Volkswagen Touareg & Porsche Cayenne Class 3 Trailer Hitch Combo",3500 lbs vs 6000 lbs,no,https://stehlenauto.com/products/2007-2015-audi-q7-quattro-class-3-trailer-hitch-combo-curt
TH-WRAN97-C408+TH-BMOUNT-L2,1997-2006 Jeep Wrangler Class 3 Trailer Hitch & Ball Mount Kit,3500 lbs vs 4000 lbs,no,https://stehlenauto.com/products/1997-2006-jeep-wrangler-class-3-trailer-hitch-ball-mount-kit-curt
TH-X507-C077+TH-BMOUNT-L2,2007-2019 BMW X5 X6 Class 3 Trailer Hitch & Ball Mount Kit,3500 lbs vs 6000 lbs,no,https://stehlenauto.com/products/2007-2019-bmw-x5-x6-class-3-trailer-hitch-ball-mount-kit-curt
TH-XTE05-C514+TH-BMOUNT-L2,2005-2015 Nissan Xterra Class 3 Trailer Hitch & Ball Mount Kit,3500 lbs vs 4000 lbs,no,https://stehlenauto.com/products/2005-2015-nissan-xterra-class-3-trailer-hitch-ball-mount-kit
th-cara04v2-c362+th-bmount-l2,1996-2007 Dodge Caravan/Grand Caravan & Chrysler Town & Country Class 3 Trailer Hitch & Ball Mount Combo - CURT,3500 lbs vs 4000 lbs,no,https://stehlenauto.com/products/curt-class-3-trailer-hitch-ball-mount-combo-town-country
th-sil0125-d211+th-bmount-l2,2001-2010 Chevrolet Silverado & GMC Sierra 2500 HD/3500 HD Class 4 Trailer Hitch & Ball Mount Combo,10000 lbs vs 3500 lbs,no,https://stehlenauto.com/products/01-10-silverado-sierra-2500-3500-class-4-hitch-ball-mount-combo
th-wran97v2-c430+th-bmount-l2,1997-2006 Jeep Wrangler Class 3 Trailer Hitch w/ Ball Mount,3500 lbs vs 4000 lbs,no,https://stehlenauto.com/products/1997-2006-jeep-wrangler-class-3-trailer-hitch-w-ball-mount-curt
